Timestamp (ms),Ch0 (uV),Ch1 (uV),Ch2 (uV),Ch3 (uV),Ch4 (uV),Ch5 (uV),Ch6 (uV),Ch7 (uV),Ch8 (uV),Ch9 (uV),Ch10 (uV),Ch11 (uV)
1001092,-114871,-106772,40342,317047,164569,-116870,227174,-120447,-116926,63754,231674,40106
1001093,-114855,-106747,40328,317041,164471,-116903,227192,-120427,-116956,63766,231547,40090
1001094,-114906,-106794,40302,316953,164399,-116943,227171,-120424,-116997,63810,231543,40067
1001095,-114975,-106856,40221,316808,164348,-116974,227156,-120431,-117025,63841,231670,39989
1001096,-115059,-106921,40187,316665,164275,-117016,227108,-120476,-117068,63905,231893,39954
1001097,-115094,-106929,40208,316650,164110,-117001,227049,-120511,-117054,63944,231999,39972
1001098,-115124,-106969,40190,316561,164073,-116995,226976,-120561,-117047,63972,232011,39954
1001099,-115134,-106982,40135,316478,164086,-116974,226936,-120546,-117027,63945,231968,39899
1001107,-114955,-106878,40051,316692,164206,-116931,226883,-120420,-116983,63906,232217,39815
1001108,-114904,-106844,40136,316748,164255,-116866,227010,-120407,-116919,63933,232096,39904
1001109,-114910,-106844,40177,316714,164313,-116789,227089,-120382,-116842,63929,232138,39939
1001110,-114892,-106812,40209,316715,164259,-116775,227118,-120344,-116831,63971,232209,39978
1001111,-114873,-106776,40221,316848,164284,-116844,227129,-120345,-116897,63967,232174,39987
1001112,-114876,-106784,40181,316885,164319,-116931,227218,-120345,-116985,63902,232184,39948
1001113,-114887,-106804,40140,316864,164417,-117073,227298,-120359,-117127,63813,232158,39903
1001114,-114896,-106831,40089,316848,164388,-117120,227314,-120373,-117170,63809,232045,39855
1001115,-114899,-106853,40109,316806,164301,-117078,227290,-120404,-117130,63814,231863,39873
1001116,-114953,-106885,40094,316722,164264,-116949,227262,-120458,-117004,63813,231662,39861
1001117,-115033,-106927,40092,316737,164332,-116913,227177,-120531,-116963,63709,231760,39861
1001118,-115110,-106948,40040,316629,164424,-116896,227063,-120597,-116949,63688,231821,39808
1001119,-115099,-106968,40027,316637,164316,-116870,227056,-120599,-116922,63762,231679,39792
1001120,-115064,-106939,40054,316680,164358,-116907,227076,-120576,-116960,63660,231333,39821
1001121,-115048,-106924,40076,316727,164376,-116901,227049,-120580,-116957,63600,231218,39838
1001122,-115055,-106917,40090,316767,164361,-116871,227003,-120573,-116926,63494,231404,39854
1001123,-115033,-106927,40084,316709,164440,-116884,226936,-120553,-116936,63461,231575,39849
1001124,-115064,-106925,40065,316669,164495,-116876,226940,-120554,-116930,63571,231713,39830
1001125,-115044,-106909,40093,316700,164451,-116891,227006,-120532,-116947,63636,231794,39858
1001126,-114992,-106886,40122,316703,164325,-116893,227102,-120501,-116946,63721,231835,39886
1001127,-114946,-106886,40122,316663,164166,-116897,227185,-120463,-116950,63840,231893,39886
1001128,-114900,-106866,40114,316647,164225,-116896,227287,-120432,-116948,63901,231945,39882
1001129,-114872,-106862,40108,316596,164369,-116903,227296,-120449,-116956,63893,232095,39877
1001130,-114846,-106828,40135,316680,164448,-116892,227303,-120417,-116945,63900,232082,39901
1001131,-114808,-106821,40137,316749,164455,-116905,227258,-120419,-116961,63930,232102,39905
1001132,-114787,-106815,40133,316802,164387,-116903,227165,-120412,-116955,63968,232082,39900
1001133,-114799,-106821,40041,316823,164368,-116915,227085,-120407,-116968,64005,232104,39808
1001134,-114849,-106846,39960,316755,164378,-116968,227071,-120410,-117023,63986,232108,39722
1001135,-114886,-106858,39917,316653,164413,-117020,226961,-120448,-117073,63933,232128,39680
1001136,-114921,-106891,39897,316584,164344,-117028,226993,-120447,-117083,63868,232030,39659
1001137,-114930,-106900,39896,316611,164228,-116992,227028,-120445,-117047,63825,231866,39659
1001138,-114918,-106878,39945,316676,164142,-116946,226956,-120465,-117000,63740,231630,39709
1001139,-114890,-106852,40013,316638,164183,-116912,226950,-120465,-116967,63645,231319,39781
1001140,-114932,-106867,40009,316505,164250,-116933,226980,-120474,-116986,63586,231289,39775
1001141,-115005,-106924,39907,316507,164282,-116965,226953,-120548,-117018,63569,231637,39673
1001142,-115042,-106899,39892,316556,164203,-117001,226970,-120562,-117055,63545,231921,39658
1001143,-115029,-106890,39901,316577,164043,-116984,226956,-120548,-117037,63667,231956,39666
1001144,-114977,-106878,39926,316528,163931,-116960,226966,-120515,-117012,63760,232037,39688
1001145,-114910,-106856,39981,316549,163931,-116940,226970,-120482,-116992,63813,231981,39743
1001146,-114871,-106832,40047,316525,164023,-116922,227057,-120449,-116977,63811,231884,39808
1001147,-114848,-106822,40096,316570,164057,-116940,227134,-120448,-116994,63841,231847,39860
1001148,-114856,-106819,40150,316630,164089,-116921,227172,-120425,-116974,63921,231885,39918
1001149,-114869,-106834,40158,316700,164173,-116907,227224,-120433,-116959,63904,232030,39920
1001150,-114845,-106835,40184,316725,164310,-116879,227338,-120432,-116932,63844,232068,39950
1001151,-114809,-106838,40165,316695,164379,-116854,227410,-120407,-116907,63837,232006,39930
1001152,-114801,-106826,40144,316783,164440,-116870,227374,-120436,-116922,63739,231977,39907
1001153,-114800,-106841,40084,316854,164431,-116944,227340,-120449,-116998,63671,232036,39848
1001154,-114808,-106845,40071,316849,164308,-117083,227333,-120448,-117137,63704,231946,39835
1001155,-114812,-106853,40023,316814,164258,-117129,227308,-120445,-117182,63781,231716,39789
1001156,-114873,-106890,40046,316734,164291,-117135,227259,-120443,-117189,63754,231581,39811
1001157,-114913,-106912,39980,316699,164394,-117073,227209,-120468,-117125,63773,231429,39744
1001158,-114974,-106931,39902,316709,164386,-117052,227144,-120525,-117107,63681,231503,39668
1001159,-114986,-106915,39862,316703,164321,-117070,227097,-120592,-117123,63586,231761,39625
1001160,-115020,-106926,39848,316550,164315,-117027,227044,-120621,-117079,63642,231805,39611
1001161,-115029,-106945,39803,316434,164313,-116984,227058,-120624,-117038,63717,231818,39566
1001162,-115034,-106948,39784,316523,164196,-116943,227044,-120610,-116997,63783,231855,39550
1001163,-115020,-106960,39752,316619,163962,-116906,227060,-120586,-116959,63856,231970,39515
1001164,-115015,-106960,39789,316609,163890,-116864,227072,-120544,-116917,63896,232094,39556
1001165,-114991,-106942,39836,316577,163924,-116809,227075,-120506,-116862,63917,232127,39600
1001166,-114945,-106919,39911,316574,164088,-116817,227053,-120472,-116870,63926,232080,39672
1001167,-114936,-106903,39979,316615,164229,-116862,227079,-120449,-116913,63923,232053,39747
1001168,-114915,-106903,40031,316699,164428,-116916,227138,-120445,-116968,63897,232172,39793
1001169,-114898,-106890,40057,316758,164571,-116916,227158,-120449,-116971,63889,232233,39822
1001170,-114885,-106881,40088,316760,164570,-116881,227194,-120403,-116935,63921,232289,39852
1001171,-114890,-106878,40133,316799,164546,-116829,227181,-120400,-116882,63948,232278,39898
1001172,-114897,-106879,40137,316818,164562,-116788,227175,-120417,-116840,63911,232251,39902
1001173,-114898,-106888,40148,316748,164476,-116729,227177,-120418,-116781,63907,232217,39911
1001174,-114917,-106905,40153,316664,164349,-116680,227199,-120419,-116729,63886,232135,39916
1001175,-114921,-106921,40112,316634,164300,-116711,227188,-120426,-116760,63856,231984,39881
1001176,-114929,-106936,40053,316649,164272,-116745,227146,-120425,-116799,63897,231767,39816
1001177,-114964,-106956,40037,316674,164262,-116791,227121,-120449,-116845,63907,231740,39803
1001178,-115003,-106973,40015,316696,164277,-116852,227049,-120478,-116904,63813,231755,39781
1001179,-115026,-106970,40018,316703,164278,-116892,227000,-120475,-116944,63796,231732,39781
1001180,-115060,-106979,39960,316607,164261,-116894,226974,-120490,-116944,63817,231776,39722
1001181,-115079,-106968,39943,316535,164120,-116850,226998,-120471,-116902,63872,231845,39708
1001182,-115054,-106945,39969,316494,164070,-116823,227052,-120452,-116878,63930,231758,39734
1001183,-115018,-106942,40011,316463,164189,-116823,227068,-120454,-116875,63931,231687,39775
1001184,-114983,-106930,40097,316514,164321,-116822,227121,-120465,-116872,63896,231583,39861
1001185,-114934,-106889,40149,316677,164385,-116802,227164,-120461,-116857,63782,231547,39914
1001186,-114917,-106885,40161,316796,164378,-116774,227219,-120446,-116825,63765,231657,39923
1001187,-114892,-106858,40203,316833,164341,-116764,227215,-120431,-116818,63850,231665,39967
1001188,-114862,-106827,40235,316947,164276,-116748,227242,-120409,-116801,63891,231837,40000
1001189,-114905,-106822,40237,317016,164233,-116740,227252,-120419,-116791,63911,232096,40003
1001190,-114942,-106800,40231,317041,164319,-116716,227273,-120402,-116770,63978,232217,39996
1001191,-114919,-106773,40225,316986,164416,-116695,227326,-120371,-116747,64064,232098,39994
1001192,-114874,-106789,40212,316859,164473,-116694,227351,-120364,-116747,64050,232051,39978
1001193,-114865,-106796,40189,316804,164483,-116729,227286,-120370,-116784,64022,232163,39954
1001194,-114876,-106798,40196,316804,164425,-116766,227128,-120409,-116817,63971,232265,39961
1001195,-114849,-106803,40220,316805,164344,-116767,226990,-120416,-116822,63971,232090,39985
1001196,-114861,-106830,40249,316805,164427,-116758,226991,-120407,-116813,63902,231762,40016
1001197,-114886,-106841,40242,316875,164335,-116804,226997,-120431,-116856,63697,231860,40008
1001198,-114933,-106862,40160,316925,164240,-116822,226943,-120464,-116876,63628,231982,39925
1001199,-114951,-106883,40119,316925,164163,-116887,226885,-120505,-116941,63705,232136,39885
1001200,-115027,-106893,40121,316847,164107,-116939,226918,-120519,-116992,63834,232116,39885
1001201,-115070,-106896,40110,316766,164113,-116928,227006,-120528,-116980,63961,232085,39874
1001202,-115062,-106894,40111,316745,164191,-116927,227022,-120542,-116983,63985,232129,39872
1001203,-115040,-106908,40112,316714,164324,-116905,227028,-120537,-116960,64013,232152,39877
1001204,-115001,-106896,40172,316712,164458,-116906,226984,-120530,-116959,64033,232169,39937
1001205,-114933,-106869,40261,316793,164418,-116900,227006,-120507,-116953,64032,232126,40025
1001206,-114879,-106823,40308,316897,164381,-116871,227103,-120425,-116923,64029,231941,40075
1001207,-114834,-106778,40346,317009,164489,-116829,227112,-120357,-116884,63977,231708,40109
1001208,-114772,-106741,40391,317085,164526,-116788,227131,-120335,-116841,63902,231837,40155
1001209,-114733,-106729,40401,317034,164525,-116742,227177,-120360,-116796,63845,232152,40163
1001210,-114693,-106711,40423,317000,164546,-116677,227251,-120358,-116732,63867,232197,40189
1001211,-114648,-106693,40431,316896,164589,-116619,227352,-120348,-116673,63883,232139,40194
1001212,-114651,-106692,40429,316790,164618,-116701,227370,-120359,-116752,63928,232246,40194
1001213,-114710,-106717,40422,316857,164639,-116798,227323,-120377,-116848,63994,232248,40187
1001214,-114803,-106754,40385,316848,164586,-116869,227292,-120390,-116921,64080,232312,40150
1001215,-114840,-106757,40363,316824,164458,-116886,227268,-120422,-116940,64094,232245,40128
1001216,-114855,-106771,40326,316814,164416,-116879,227206,-120466,-116932,64046,232180,40092
1001217,-114897,-106796,40252,316858,164383,-116871,227143,-120501,-116924,64051,232265,40017
1001218,-114928,-106804,40162,316945,164315,-116859,227112,-120502,-116911,64009,232191,39930
1001219,-114924,-106807,40078,316982,164344,-116851,227091,-120469,-116905,63923,232110,39843
1001220,-114919,-106812,40057,316931,164279,-116847,227094,-120462,-116901,63911,232113,39820
1001221,-114908,-106799,40075,316984,164122,-116831,227116,-120456,-116885,63967,232055,39840
1001222,-114900,-106807,40146,316981,164119,-116783,227143,-120422,-116835,63995,231907,39911
1001223,-114905,-106812,40181,316805,164335,-116704,227172,-120415,-116759,63988,231841,39946
1001224,-114870,-106800,40280,316819,164347,-116698,227210,-120417,-116753,63955,231886,40047
1001225,-114837,-106768,40390,316962,164310,-116718,227235,-120438,-116773,63925,231897,40154
1001226,-114816,-106743,40436,317022,164352,-116722,227260,-120415,-116773,63909,231950,40201
1001227,-114817,-106741,40441,316951,164517,-116723,227273,-120430,-116775,63908,232154,40206
1001228,-114751,-106717,40451,317037,164733,-116764,227276,-120415,-116817,63941,232128,40215
1001229,-114707,-106675,40457,317087,164870,-116803,227299,-120383,-116855,64000,232023,40224
1001230,-114666,-106654,40451,317135,164951,-116800,227299,-120360,-116851,64077,232065,40217
1001231,-114660,-106635,40459,317139,164917,-116809,227324,-120358,-116863,64085,232140,40225
1001232,-114659,-106627,40490,317111,164877,-116823,227342,-120347,-116877,64059,232185,40256
1001233,-114687,-106651,40494,317131,164871,-116850,227302,-120387,-116904,64064,232243,40261
1001234,-114741,-106686,40478,317127,164750,-116840,227271,-120419,-116893,64073,232271,40241
1001235,-114767,-106696,40428,317088,164705,-116813,227286,-120438,-116868,64014,232191,40192
1001236,-114800,-106702,40398,316962,164711,-116798,227267,-120489,-116852,63946,232199,40161
1001237,-114765,-106692,40395,316901,164633,-116879,227263,-120482,-116931,63963,232145,40160
1001238,-114753,-106679,40399,316962,164485,-116974,227258,-120426,-117027,64004,231948,40161
1001239,-114764,-106702,40373,316992,164449,-116995,227269,-120409,-117048,64041,231893,40138
1001240,-114794,-106716,40323,316949,164464,-116924,227254,-120394,-116975,63977,231973,40088
1001241,-114811,-106756,40270,316981,164505,-116820,227209,-120378,-116872,63950,232041,40034
1001242,-114802,-106741,40281,317065,164592,-116755,227179,-120344,-116810,63966,231974,40048
1001243,-114757,-106718,40310,317118,164646,-116717,227211,-120310,-116770,63989,231919,40075
1001244,-114749,-106712,40337,317136,164694,-116714,227221,-120314,-116767,64045,232093,40102
1001245,-114736,-106683,40379,317190,164719,-116754,227263,-120295,-116807,64105,232213,40143
1001246,-114695,-106685,40385,317176,164762,-116758,227340,-120270,-116813,64049,232382,40150
1001247,-114638,-106653,40392,317165,164714,-116742,227443,-120238,-116794,64061,232432,40157
1001248,-114543,-106606,40414,317128,164682,-116668,227528,-120185,-116720,64094,232426,40181
1001249,-114492,-106574,40431,317150,164655,-116593,227541,-120193,-116648,64065,232482,40196
1001250,-114476,-106556,40386,317106,164587,-116488,227588,-120184,-116538,64154,232578,40153
1001251,-114480,-106540,40374,317115,164617,-116444,227576,-120215,-116495,64220,232635,40140
1001252,-114487,-106552,40367,317118,164690,-116476,227550,-120266,-116528,64209,232661,40134
1001253,-114516,-106561,40395,317122,164674,-116494,227509,-120255,-116546,64277,232476,40159
1001254,-114588,-106581,40331,317019,164625,-116487,227515,-120243,-116540,64307,232395,40098
1001255,-114613,-106600,40335,317011,164487,-116549,227509,-120263,-116603,64229,232349,40101
1001256,-114651,-106632,40323,317038,164403,-116589,227465,-120286,-116641,64152,232276,40087
1001257,-114698,-106658,40345,317037,164397,-116644,227441,-120303,-116698,64072,232257,40112
1001258,-114744,-106685,40372,316990,164332,-116680,227422,-120311,-116731,64028,232189,40138
1001259,-114735,-106684,40355,316931,164338,-116696,227394,-120306,-116749,63992,232111,40121
1001260,-114753,-106716,40323,316802,164355,-116692,227381,-120309,-116746,63992,232085,40090
1001261,-114764,-106698,40313,316847,164404,-116709,227379,-120313,-116764,63928,231970,40077
1001262,-114737,-106683,40282,316863,164474,-116711,227361,-120320,-116762,63934,231936,40047
1001263,-114755,-106681,40281,316839,164478,-116692,227359,-120302,-116746,63988,231953,40047
1001264,-114746,-106668,40283,316891,164526,-116646,227373,-120284,-116702,64042,231816,40050
1001265,-114714,-106633,40344,316935,164587,-116619,227398,-120244,-116671,63998,231734,40114
1001266,-114679,-106614,40390,317052,164681,-116600,227463,-120222,-116654,63961,231571,40153
1001267,-114638,-106604,40410,317135,164648,-116614,227506,-120208,-116665,63939,231598,40175
1001268,-114583,-106577,40414,317150,164607,-116630,227537,-120189,-116685,63945,231816,40178
1001269,-114556,-106553,40353,317103,164527,-116682,227515,-120191,-116736,64024,232192,40119
1001270,-114549,-106551,40271,317007,164529,-116706,227474,-120202,-116762,64112,232559,40037
1001271,-114555,-106565,40280,316904,164573,-116717,227396,-120196,-116770,64215,232718,40047
1001272,-114572,-106593,40281,316888,164626,-116755,227345,-120239,-116810,64252,232764,40047
1001273,-114616,-106605,40304,316925,164672,-116778,227335,-120279,-116831,64250,232632,40072
1001274,-114645,-106626,40335,317025,164641,-116754,227218,-120316,-116807,64185,232448,40102
1001275,-114680,-106642,40349,317050,164688,-116767,227081,-120365,-116821,64098,232346,40115
1001276,-114717,-106672,40335,316969,164690,-116783,227059,-120394,-116834,64019,232276,40103
1001277,-114752,-106648,40374,316963,164601,-116778,227129,-120383,-116830,63871,232121,40141
1001278,-114805,-106667,40386,316998,164521,-116807,227137,-120419,-116859,63830,231989,40154
1001279,-114814,-106686,40388,316951,164476,-116835,227157,-120448,-116888,63864,231968,40153
1001280,-114812,-106684,40391,316954,164383,-116862,227175,-120458,-116914,63863,231869,40155
1001281,-114799,-106700,40388,316891,164346,-116879,227147,-120460,-116933,63812,231992,40153
1001282,-114774,-106664,40399,316906,164383,-116908,227084,-120468,-116962,63810,232008,40166
1001283,-114787,-106672,40398,316890,164474,-116903,227111,-120449,-116953,63889,231987,40166
1001284,-114763,-106660,40388,316880,164501,-116898,227156,-120414,-116953,63884,232074,40152
1001285,-114721,-106650,40411,316979,164546,-116936,227184,-120397,-116988,63807,232143,40175
1001286,-114687,-106630,40434,317045,164583,-117009,227257,-120375,-117062,63797,232158,40200
1001287,-114692,-106629,40462,317037,164570,-116983,227320,-120333,-117034,63836,232199,40228
1001288,-114679,-106600,40492,317004,164562,-116886,227361,-120289,-116939,63912,232223,40258
1001289,-114651,-106579,40495,317004,164622,-116778,227413,-120291,-116829,63853,232266,40261
1001290,-114628,-106543,40505,317059,164673,-116748,227454,-120289,-116798,63849,232265,40272
1001291,-114609,-106530,40469,317074,164713,-116754,227506,-120288,-116806,63869,232217,40236
1001292,-114606,-106533,40432,317086,164739,-116776,227529,-120321,-116829,63958,232122,40199
1001293,-114580,-106536,40394,317103,164732,-116803,227478,-120329,-116856,64033,231907,40161
1001294,-114608,-106564,40395,317057,164687,-116806,227416,-120356,-116857,64104,231750,40162
1001295,-114629,-106584,40395,317041,164608,-116869,227326,-120390,-116925,64123,231678,40161
1001296,-114712,-106630,40403,317025,164523,-116922,227265,-120410,-116975,64042,231775,40169
1001297,-114761,-106655,40392,316994,164458,-116909,227207,-120418,-116962,63986,231822,40160
1001298,-114775,-106661,40394,316949,164351,-116831,227173,-120420,-116884,63954,231654,40159
1001299,-114797,-106674,40394,316826,164219,-116775,227162,-120440,-116831,63933,231754,40161
1001300,-114779,-106681,40374,316820,164188,-116823,227127,-120466,-116876,63791,231806,40140
1001301,-114791,-106661,40384,316908,164265,-116834,227046,-120469,-116885,63762,231698,40152
1001302,-114805,-106638,40379,316979,164346,-116858,227047,-120525,-116913,63782,231740,40142
1001303,-114812,-106632,40343,316945,164489,-116863,227067,-120535,-116915,63744,231871,40110
1001304,-114805,-106636,40336,316963,164526,-116845,227054,-120533,-116897,63796,231992,40101
1001305,-114777,-106625,40330,316922,164498,-116797,227077,-120510,-116852,63880,232101,40096
1001306,-114743,-106635,40366,316890,164439,-116784,227143,-120478,-116837,63942,232235,40131
1001307,-114745,-106638,40419,316942,164405,-116769,227154,-120484,-116823,63946,232366,40184
1001308,-114718,-106631,40426,317009,164346,-116756,227189,-120427,-116811,64014,232505,40192
1001309,-114710,-106619,40421,317054,164330,-116729,227235,-120377,-116778,64107,232524,40187
1001310,-114735,-106604,40433,317022,164389,-116668,227276,-120354,-116722,64174,232603,40199
1001311,-114728,-106582,40487,317092,164452,-116673,227280,-120355,-116727,64130,232558,40252
1001312,-114720,-106589,40495,317140,164525,-116674,227270,-120346,-116725,64059,232439,40263
1001313,-114734,-106592,40495,317165,164608,-116717,227243,-120358,-116768,64021,232327,40261
1001314,-114762,-106611,40483,317145,164602,-116758,227226,-120399,-116810,63963,232259,40249
1001315,-114809,-106639,40472,317140,164498,-116774,227178,-120435,-116829,63943,232228,40237
1001316,-114815,-106651,40444,317070,164387,-116794,227153,-120445,-116850,63908,232157,40208
1001317,-114829,-106650,40426,316980,164311,-116760,227191,-120437,-116816,63898,231959,40187
1001318,-114839,-106659,40364,316915,164285,-116778,227198,-120449,-116832,63921,231854,40130
1001319,-114875,-106664,40278,316923,164358,-116803,227173,-120480,-116857,63993,231703,40044
1001320,-114940,-106675,40269,316886,164440,-116836,227172,-120499,-116889,63949,231647,40036
1001321,-114936,-106691,40296,316874,164622,-116889,227158,-120521,-116945,63822,231596,40061
1001322,-114922,-106688,40342,316924,164728,-116916,227153,-120536,-116974,63753,231577,40107
1001323,-114907,-106701,40382,316982,164685,-116915,227126,-120534,-116966,63748,231773,40149
1001324,-114899,-106693,40416,317007,164621,-116872,227149,-120506,-116927,63762,231886,40181
1001325,-114843,-106664,40475,317027,164558,-116819,227162,-120459,-116876,63820,231885,40240
1001326,-114793,-106644,40510,317055,164604,-116798,227161,-120427,-116851,63824,231891,40276
1001327,-114820,-106627,40483,317103,164647,-116798,227218,-120396,-116851,63812,231974,40251
1001328,-114788,-106603,40466,317109,164734,-116770,227328,-120363,-116822,63880,231955,40227
1001329,-114771,-106614,40428,317117,164815,-116740,227381,-120329,-116794,63982,231930,40194
1001330,-114738,-106567,40458,317158,164926,-116752,227410,-120338,-116807,63957,231967,40224
1001331,-114709,-106547,40442,317124,164909,-116692,227398,-120316,-116745,63945,232027,40204
1001332,-114674,-106554,40422,317052,164781,-116639,227389,-120298,-116692,63923,232081,40191
1001333,-114656,-106556,40445,317015,164557,-116628,227389,-120297,-116679,63871,232151,40210
1001334,-114678,-106569,40466,317047,164227,-116657,227357,-120325,-116708,63866,232227,40233
1001335,-114741,-106630,40407,317039,164125,-116744,227293,-120369,-116795,63921,232357,40175
1001336,-114808,-106686,40303,317025,164130,-116780,227244,-120370,-116834,63931,232349,40069
1001337,-114818,-106700,40212,316848,164142,-116880,227280,-120341,-116933,64001,232289,39976
1001338,-114834,-106682,40217,316842,164107,-117039,227237,-120327,-117090,64032,232101,39983
1001339,-114822,-106689,40249,316825,164129,-117138,227216,-120315,-117191,63980,232073,40013
1001340,-114846,-106729,40234,316767,164107,-117097,227242,-120296,-117151,63952,231938,40000
1001341,-114829,-106727,40203,316807,164155,-116997,227226,-120333,-117049,63930,231766,39969
1001342,-114858,-106757,40161,316762,164243,-116835,227177,-120366,-116889,63906,231881,39926
1001343,-114893,-106763,40194,316746,164262,-116696,227112,-120399,-116745,63936,232033,39960
1001344,-114908,-106775,40269,316811,164427,-116689,227084,-120392,-116745,63920,232057,40035
1001345,-114878,-106748,40271,316822,164566,-116696,227093,-120353,-116750,63929,232082,40037
1001346,-114838,-106728,40270,316865,164690,-116711,227130,-120353,-116762,63912,232148,40035
1001347,-114802,-106714,40252,316938,164781,-116760,227165,-120382,-116813,63911,232139,40015
1001348,-114758,-106697,40273,316957,164824,-116737,227261,-120341,-116791,64019,232074,40041
1001349,-114723,-106670,40270,317040,164800,-116679,227367,-120320,-116733,64079,231993,40035
1001350,-114672,-106635,40311,317105,164798,-116626,227347,-120301,-116681,64054,231953,40078
1001351,-114629,-106608,40375,317125,164731,-116604,227326,-120282,-116655,64031,231922,40140
1001352,-114638,-106609,40397,317088,164721,-116615,227392,-120250,-116668,64018,231810,40162
1001353,-114658,-106626,40367,317059,164713,-116641,227394,-120260,-116695,63984,231834,40130
1001354,-114712,-106664,40307,317050,164631,-116682,227333,-120276,-116735,63946,231966,40072
1001355,-114798,-106727,40227,316942,164530,-116686,227296,-120272,-116736,63948,232113,39994
1001356,-114857,-106735,40194,316865,164446,-116741,227301,-120306,-116795,63883,232161,39960
1001357,-114851,-106732,40188,316869,164299,-116752,227277,-120341,-116807,63829,232163,39952
1001358,-114841,-106726,40177,316796,164192,-116729,227246,-120349,-116781,63799,232077,39942
1001359,-114834,-106722,40147,316703,164106,-116696,227233,-120337,-116746,63739,232090,39912
1001360,-114875,-106731,40101,316643,164084,-116726,227221,-120351,-116780,63691,232165,39865
1001361,-114883,-106734,40099,316523,164057,-116787,227257,-120375,-116840,63757,232260,39865
1001362,-114845,-106724,40133,316501,163967,-116810,227311,-120341,-116863,63828,232269,39899
1001363,-114852,-106722,40141,316588,163908,-116826,227324,-120328,-116884,63904,232258,39907
1001364,-114853,-106744,40140,316610,164029,-116730,227323,-120317,-116785,63915,232273,39908
1001365,-114845,-106755,40103,316581,164186,-116674,227349,-120289,-116727,63980,232234,39869
1001366,-114827,-106758,40110,316718,164355,-116657,227337,-120284,-116713,63998,232199,39874
1001367,-114806,-106770,40121,316802,164468,-116660,227354,-120273,-116715,63949,232227,39886
1001368,-114749,-106751,40169,316906,164511,-116662,227418,-120252,-116715,64007,232127,39936
1001369,-114725,-106720,40188,316981,164513,-116655,227465,-120233,-116707,64103,232003,39957
1001370,-114692,-106686,40215,316992,164656,-116655,227453,-120241,-116707,64131,232023,39981
1001371,-114671,-106654,40170,316948,164737,-116634,227466,-120230,-116687,64150,232006,39938
1001372,-114665,-106622,40157,316909,164740,-116617,227441,-120202,-116671,64144,231905,39926
1001373,-114684,-106635,40125,317015,164687,-116651,227369,-120214,-116705,64090,231905,39889
1001374,-114726,-106660,40100,317032,164619,-116685,227328,-120217,-116739,63994,231871,39864
1001375,-114735,-106665,40124,316968,164471,-116772,227324,-120198,-116823,63955,231816,39891
1001376,-114750,-106696,40128,316873,164332,-116894,227297,-120205,-116946,63916,231865,39891
1001377,-114790,-106722,40197,316843,164321,-116913,227264,-120205,-116966,63856,231769,39965
1001378,-114839,-106740,40189,316787,164335,-116949,227263,-120233,-117004,63763,231720,39952
1001379,-114860,-106757,40121,316836,164407,-116926,227223,-120286,-116979,63689,231747,39885
1001380,-114873,-106755,40063,316818,164409,-116899,227181,-120359,-116954,63633,231811,39827
1001381,-114923,-106773,40062,316745,164278,-116790,227189,-120375,-116844,63670,231866,39828
1001382,-114934,-106775,40047,316713,164134,-116680,227200,-120362,-116733,63703,231984,39812
1001383,-114923,-106792,40017,316690,164054,-116657,227203,-120357,-116709,63733,232148,39783
1001384,-114890,-106791,39992,316713,164107,-116645,227245,-120326,-116697,63744,232153,39758
1001385,-114855,-106777,40002,316683,164243,-116604,227296,-120266,-116659,63826,231963,39768
1001386,-114802,-106752,40044,316702,164239,-116623,227315,-120250,-116676,63933,231959,39812
1001387,-114774,-106754,40072,316614,164274,-116641,227325,-120256,-116693,63955,232077,39839
1001388,-114730,-106712,40127,316665,164315,-116680,227440,-120235,-116733,63939,232142,39892
1001389,-114693,-106714,40150,316734,164407,-116706,227483,-120227,-116758,64014,232053,39916
1001390,-114673,-106695,40149,316805,164475,-116676,227444,-120236,-116729,64162,232007,39914
1001391,-114705,-106683,40100,316866,164434,-116642,227381,-120248,-116695,64165,232198,39867
1001392,-114759,-106686,40014,316875,164335,-116680,227310,-120282,-116735,64184,232492,39779
1001393,-114775,-106708,39995,316832,164300,-116682,227280,-120300,-116737,64173,232496,39759
1001394,-114805,-106734,40013,316774,164265,-116683,227253,-120314,-116737,64138,232372,39777
1001395,-114854,-106741,40023,316787,164200,-116683,227178,-120347,-116739,64030,232298,39787
1001396,-114881,-106759,40066,316743,164133,-116714,227155,-120363,-116768,63980,232145,39832
1001397,-114863,-106757,40075,316748,164170,-116768,227155,-120363,-116822,63897,231949,39842
1001398,-114901,-106790,40060,316758,164273,-116845,227077,-120378,-116899,63878,231772,39826
1001399,-114893,-106791,40024,316755,164226,-116891,227071,-120359,-116943,63837,231760,39790
1001400,-114885,-106786,40035,316728,164111,-116884,227151,-120320,-116941,63800,231522,39796
1001401,-114825,-106760,40076,316729,164129,-116867,227197,-120291,-116916,63799,231167,39843
1001402,-114828,-106760,40065,316742,164237,-116881,227140,-120353,-116933,63750,231348,39833
1001403,-114869,-106773,39992,316662,164406,-116891,227169,-120373,-116946,63731,231527,39760
1001404,-114908,-106795,39952,316560,164496,-116890,227185,-120405,-116943,63817,231753,39716
1001405,-114905,-106799,39956,316548,164610,-116914,227143,-120448,-116965,63764,232089,39721
1001406,-114866,-106787,39968,316621,164517,-116848,227192,-120393,-116900,63830,232095,39736
1001407,-114849,-106771,39986,316656,164485,-116825,227220,-120379,-116877,63771,232208,39754
1001408,-114830,-106770,39998,316726,164533,-116854,227258,-120338,-116907,63667,232464,39766
1001409,-114785,-106743,40043,316774,164454,-116921,227283,-120265,-116975,63716,232433,39806
1001410,-114731,-106700,40082,316789,164395,-116906,227254,-120196,-116960,63843,232319,39848
1001411,-114684,-106661,40115,316769,164258,-116852,227142,-120189,-116904,63978,232343,39882
1001412,-114684,-106673,40101,316801,164123,-116783,227099,-120219,-116838,64020,232399,39867
1001413,-114745,-106714,39965,316779,164146,-116685,227162,-120272,-116741,64046,232309,39731
1001414,-114833,-106746,39877,316805,164232,-116621,227158,-120337,-116673,64013,232144,39643
1001415,-114883,-106784,39929,316820,164300,-116650,227154,-120382,-116704,63923,231955,39695
1001416,-114930,-106801,40041,316838,164213,-116692,227137,-120437,-116747,63865,231803,39805
1001417,-114964,-106831,40090,316762,164084,-116745,227202,-120453,-116800,63858,231786,39854
1001418,-114994,-106863,40069,316568,164032,-116787,227187,-120465,-116840,63884,231831,39834
1001419,-114998,-106894,40041,316505,164122,-116782,227137,-120444,-116836,63872,231750,39805
1001420,-114990,-106897,40008,316612,164068,-116801,227076,-120465,-116854,63862,231617,39773
1001421,-114995,-106882,39978,316683,163980,-116795,227049,-120480,-116850,63804,231709,39744
1001422,-115016,-106900,39919,316709,164025,-116800,227102,-120482,-116853,63719,231849,39684
1001423,-114994,-106909,39872,316596,164149,-116853,227152,-120477,-116905,63753,231977,39638
1001424,-114979,-106921,39879,316548,164315,-116871,227183,-120483,-116924,63825,231894,39646
1001425,-114966,-106887,39904,316599,164398,-116855,227223,-120444,-116904,63861,231784,39671
1001426,-114973,-106875,39963,316708,164399,-116842,227259,-120440,-116896,63827,231848,39726
1001427,-114969,-106860,40018,316776,164459,-116882,227248,-120416,-116934,63779,231938,39784
1001428,-114930,-106845,40042,316838,164499,-116840,227296,-120388,-116891,63840,231955,39808
1001429,-114909,-106841,40039,316850,164427,-116808,227348,-120349,-116860,63886,232060,39805
1001430,-114891,-106815,40026,316846,164334,-116674,227378,-120306,-116729,63934,232085,39790
1001431,-114870,-106812,40001,316802,164333,-116601,227364,-120287,-116656,63937,232185,39768
1001432,-114859,-106800,40010,316699,164294,-116631,227347,-120285,-116682,63984,232214,39774
1001433,-114855,-106787,40053,316728,164340,-116668,227330,-120308,-116720,63975,231975,39818
1001434,-114847,-106776,40063,316715,164414,-116723,227315,-120346,-116773,63896,231744,39827
1001435,-114880,-106806,40041,316718,164447,-116821,227239,-120401,-116874,63780,231779,39804
1001436,-114924,-106855,39994,316694,164478,-116904,227117,-120427,-116958,63738,231852,39757
1001437,-114958,-106862,39977,316705,164374,-116901,227049,-120421,-116954,63802,231767,39743
1001438,-115017,-106876,39964,316693,164209,-116891,227010,-120415,-116944,63786,231754,39733
1001439,-115021,-106887,39923,316652,164106,-116845,227015,-120415,-116898,63759,231766,39690
1001440,-115043,-106914,39871,316602,164122,-116821,226964,-120454,-116873,63765,231801,39637
1001441,-115068,-106933,39835,316559,164129,-116806,226988,-120481,-116860,63774,231885,39601
1001442,-115109,-106931,39863,316581,164199,-116816,226959,-120484,-116869,63741,232017,39631
1001443,-115106,-106928,39906,316637,164240,-116829,226945,-120472,-116879,63731,232074,39674
1001444,-115063,-106898,39991,316723,164180,-116866,226997,-120441,-116918,63704,231986,39756
1001445,-114987,-106854,40047,316746,163952,-116865,227104,-120385,-116921,63741,231970,39811
1001446,-114939,-106842,40039,316722,163925,-116831,227188,-120341,-116881,63834,231967,39806
1001447,-114929,-106852,39983,316658,164132,-116788,227231,-120347,-116842,63887,231993,39745
1001448,-114900,-106827,39977,316665,164333,-116752,227270,-120366,-116806,63848,232077,39745
1001449,-114902,-106805,40023,316695,164402,-116717,227289,-120380,-116773,63809,232167,39784
1001450,-114916,-106791,40073,316745,164496,-116729,227313,-120367,-116780,63839,232255,39837
1001451,-114877,-106787,40110,316804,164514,-116741,227294,-120375,-116795,63813,232258,39874
1001452,-114831,-106798,40126,316898,164483,-116716,227282,-120372,-116770,63830,232062,39893
1001453,-114819,-106781,40092,316889,164463,-116711,227283,-120361,-116763,63847,231868,39859
1001454,-114810,-106772,40072,316868,164353,-116727,227316,-120351,-116782,63840,231581,39836
1001455,-114794,-106764,40018,316841,164251,-116750,227323,-120357,-116806,63866,231375,39784
1001456,-114840,-106782,39927,316831,164254,-116792,227248,-120393,-116844,63769,231366,39693
1001457,-114876,-106814,39931,316757,164310,-116895,227209,-120406,-116949,63565,231643,39696
1001458,-114884,-106845,39983,316688,164427,-116976,227168,-120418,-117029,63425,231579,39750
1001459,-114898,-106860,40078,316695,164507,-116995,227139,-120421,-117049,63384,231412,39839
1001460,-114926,-106867,40073,316751,164359,-117003,227081,-120435,-117052,63297,231500,39840
1001461,-114967,-106886,40034,316791,164251,-117024,227009,-120456,-117077,63281,231774,39800
1001462,-114964,-106886,39979,316759,164033,-116988,227057,-120454,-117040,63316,232034,39744
1001463,-114962,-106897,39951,316723,163944,-116971,227127,-120472,-117026,63457,232132,39715
1001464,-114967,-106900,39936,316733,163890,-116938,227147,-120459,-116990,63676,232115,39699
1001465,-114964,-106896,39953,316741,163972,-116896,227115,-120457,-116948,63847,232101,39716
1001466,-114976,-106888,40009,316650,164235,-116848,227071,-120461,-116902,63845,232191,39771
1001467,-114983,-106852,40083,316653,164387,-116806,227058,-120451,-116856,63825,232197,39849
1001468,-114957,-106832,40069,316755,164445,-116719,227031,-120434,-116770,63911,232254,39832
1001469,-114939,-106807,40056,316797,164513,-116691,227019,-120434,-116744,63968,232325,39820
1001470,-114869,-106799,40071,316787,164541,-116686,227040,-120413,-116740,64035,232310,39835
1001471,-114865,-106785,40082,316792,164535,-116664,227149,-120377,-116717,64084,232163,39850
1001472,-114875,-106803,40059,316775,164547,-116686,227277,-120372,-116740,64052,232076,39826
1001473,-114929,-106825,40057,316794,164566,-116714,227361,-120385,-116766,63973,231986,39824
1001474,-114942,-106858,40055,316882,164532,-116770,227292,-120425,-116823,63866,231970,39820
1001475,-114961,-106881,40063,316867,164501,-116836,227198,-120440,-116885,63827,231928,39828
1001476,-114977,-106878,40061,316897,164420,-116871,227139,-120476,-116927,63781,231839,39823
1001477,-114984,-106893,40075,316855,164359,-116896,227031,-120497,-116949,63783,231881,39841
1001478,-115023,-106905,40054,316770,164325,-116894,226919,-120507,-116947,63790,231913,39821
1001479,-115045,-106905,40051,316767,164324,-116869,226842,-120529,-116921,63838,231832,39816
1001480,-115092,-106909,40022,316738,164256,-116862,226876,-120537,-116915,63844,231810,39785
1001481,-115097,-106917,40034,316739,164249,-116842,226891,-120542,-116895,63797,231834,39796
1001482,-115082,-106904,40030,316750,164288,-116850,226919,-120539,-116903,63787,231825,39795
1001483,-115081,-106899,40063,316748,164258,-116841,226981,-120534,-116895,63800,231832,39824
1001484,-115010,-106883,40103,316805,164051,-116817,227077,-120512,-116872,63793,231909,39867
1001485,-114939,-106835,40154,316914,163898,-116782,227170,-120474,-116835,63799,231824,39917
1001486,-114895,-106807,40121,316860,164020,-116750,227246,-120412,-116800,63841,231721,39885
1001487,-114862,-106776,40105,316757,164097,-116716,227292,-120409,-116769,63824,231820,39868
1001488,-114822,-106742,40113,316740,164138,-116699,227369,-120402,-116751,63832,231987,39878
1001489,-114822,-106734,40129,316802,164256,-116709,227403,-120395,-116761,63862,232019,39891
1001490,-114777,-106711,40145,316881,164282,-116750,227434,-120375,-116803,63881,232031,39912
1001491,-114761,-106701,40130,316849,164276,-116788,227473,-120335,-116841,63888,232077,39892
1001492,-114737,-106685,40110,316859,164343,-116860,227474,-120301,-116913,63831,231991,39875
1001493,-114768,-106717,40121,316864,164459,-116908,227428,-120301,-116961,63830,231831,39883
1001494,-114830,-106752,40144,316915,164490,-116997,227329,-120347,-117051,63735,231958,39909
1001495,-114926,-106806,40172,316968,164522,-117017,227189,-120421,-117070,63645,232072,39937
1001496,-114954,-106843,40133,316956,164553,-116965,227144,-120443,-117018,63642,231836,39898
1001497,-114974,-106859,40082,316854,164568,-116871,227103,-120484,-116923,63602,231815,39846
1001498,-115010,-106884,40031,316706,164620,-116851,227053,-120534,-116904,63439,231957,39796
1001499,-115003,-106884,40025,316663,164597,-116854,227064,-120528,-116910,63382,231946,39787
1001500,-115017,-106885,40023,316680,164480,-116854,227031,-120523,-116907,63459,231814,39789
1001501,-115029,-106881,40040,316701,164378,-116861,226985,-120525,-116914,63576,231795,39804
1001502,-115020,-106877,40077,316744,164270,-116878,226916,-120528,-116933,63645,231950,39839
1001503,-115036,-106897,40110,316782,164272,-116872,226886,-120538,-116925,63759,232043,39872
1001504,-115018,-106902,40121,316807,164266,-116812,226917,-120501,-116860,63825,232031,39885
1001505,-114985,-106884,40118,316861,164243,-116799,226957,-120481,-116851,63897,232052,39880
1001506,-114946,-106867,40121,316949,164098,-116756,227027,-120450,-116806,63930,232101,39886
1001507,-114905,-106860,40118,316853,164137,-116716,227111,-120408,-116767,63937,232142,39885
1001508,-114871,-106831,40147,316711,164243,-116691,227279,-120397,-116742,63914,232242,39914
1001509,-114831,-106794,40187,316695,164328,-116666,227354,-120372,-116720,63838,232236,39950
1001510,-114822,-106763,40223,316788,164406,-116683,227348,-120368,-116735,63948,232204,39986
1001511,-114822,-106752,40210,316842,164443,-116696,227324,-120348,-116747,64070,232140,39975
1001512,-114812,-106757,40193,316866,164498,-116723,227317,-120348,-116779,64051,232107,39957
1001513,-114817,-106738,40222,316932,164409,-116723,227315,-120339,-116776,63983,231975,39985
1001514,-114831,-106754,40258,316968,164395,-116783,227281,-120376,-116832,63917,231847,40022
1001515,-114874,-106794,40166,316934,164529,-116815,227216,-120407,-116867,63878,231747,39932
1001516,-114926,-106814,40103,316960,164623,-116796,227128,-120415,-116850,63894,231452,39868
1001517,-114933,-106829,40068,316919,164632,-116781,227103,-120414,-116832,63863,231352,39833
1001518,-115003,-106835,40048,316847,164521,-116788,227095,-120438,-116842,63764,231469,39812
1001519,-115046,-106833,40081,316823,164323,-116825,227039,-120456,-116879,63707,231699,39846
1001520,-115054,-106811,40153,316860,164155,-116860,226912,-120480,-116910,63659,231847,39912
1001521,-115016,-106822,40190,316899,164183,-116880,226869,-120490,-116933,63606,231812,39957
1001522,-114979,-106842,40175,316826,164282,-116870,226927,-120469,-116921,63560,231781,39938
1001523,-114985,-106841,40129,316773,164325,-116881,226964,-120481,-116935,63563,231941,39891
1001524,-114941,-106809,40150,316770,164318,-116838,226991,-120469,-116890,63628,231909,39911
1001525,-114905,-106816,40140,316771,164387,-116814,227031,-120474,-116866,63700,231954,39904
1001526,-114917,-106825,40101,316796,164405,-116770,227092,-120490,-116823,63773,232095,39865
1001527,-114876,-106799,40089,316877,164455,-116758,227097,-120490,-116809,63812,232107,39852
1001528,-114865,-106775,40063,316884,164536,-116719,227143,-120437,-116772,63844,232174,39827
1001529,-114851,-106762,40119,316910,164524,-116723,227273,-120404,-116777,63830,232244,39882
1001530,-114836,-106725,40136,316870,164529,-116691,227366,-120387,-116744,63797,232308,39899
1001531,-114835,-106717,40126,316849,164419,-116642,227389,-120350,-116694,63842,232407,39892
1001532,-114830,-106737,40093,316861,164384,-116651,227410,-120359,-116703,63860,232396,39856
1001533,-114843,-106745,40085,316807,164404,-116759,227422,-120348,-116809,63886,232315,39851
1001534,-114865,-106776,40100,316748,164453,-116875,227342,-120370,-116931,63916,232303,39865
1001535,-114873,-106805,40190,316729,164447,-116967,227248,-120396,-117022,63865,232197,39953
1001536,-114906,-106805,40237,316613,164402,-116925,227214,-120410,-116978,63785,232068,40001
1001537,-114911,-106828,40252,316538,164395,-116891,227195,-120448,-116943,63730,231984,40016
1001538,-114942,-106848,40191,316603,164317,-116828,227124,-120500,-116878,63726,231949,39960
1001539,-114956,-106862,40195,316689,164231,-116782,227053,-120518,-116837,63748,231849,39957
1001540,-114961,-106869,40188,316750,164163,-116751,227049,-120508,-116803,63794,231637,39954
1001541,-114963,-106861,40171,316765,164083,-116783,227053,-120493,-116837,63790,231570,39939
1001542,-114947,-106829,40199,316704,164032,-116756,227106,-120472,-116810,63794,231566,39964
1001543,-114912,-106822,40231,316672,163958,-116713,227155,-120425,-116764,63902,231471,39995
1001544,-114848,-106782,40270,316810,163818,-116712,227109,-120394,-116763,63917,231441,40034
1001545,-114811,-106754,40246,316810,163732,-116708,227139,-120382,-116763,63961,231660,40007
1001546,-114802,-106763,40225,316777,163795,-116693,227196,-120339,-116745,63982,231815,39991
1001547,-114808,-106754,40244,316810,163834,-116675,227214,-120337,-116724,63977,231917,40009
1001548,-114796,-106723,40250,316870,163928,-116685,227225,-120337,-116735,63973,232110,40016
1001549,-114795,-106701,40211,316737,163975,-116630,227345,-120298,-116686,64058,232114,39974
1001550,-114771,-106683,40181,316740,164088,-116617,227446,-120295,-116666,64083,232128,39949
1001551,-114735,-106682,40187,316854,164165,-116683,227453,-120320,-116738,63987,232183,39951
1001552,-114765,-106711,40217,316981,164281,-116776,227415,-120337,-116828,63931,232241,39981
1001553,-114902,-106762,40234,316987,164615,-116870,227288,-120381,-116922,63782,232374,39999
1001554,-114958,-106774,40261,317020,164760,-116875,227219,-120403,-116932,63675,232231,40025
1001555,-114952,-106798,40256,317036,164858,-116901,227193,-120438,-116956,63589,231969,40022
1001556,-114949,-106803,40230,317068,164867,-116921,227153,-120471,-116975,63565,231713,39995
1001557,-114982,-106813,40197,317083,164859,-116931,227078,-120511,-116981,63585,231747,39960
1001558,-115004,-106852,40153,316965,164793,-116940,227010,-120527,-116993,63570,231862,39916
1001559,-115011,-106846,40149,316899,164707,-116918,227015,-120534,-116974,63589,231776,39915
1001560,-115010,-106838,40135,316854,164671,-116894,226970,-120532,-116950,63611,231690,39899
1001561,-114994,-106815,40174,316786,164734,-116919,226911,-120532,-116972,63629,231625,39941
1001562,-114976,-106788,40220,316696,164716,-116933,226919,-120528,-116986,63637,231681,39986
1001563,-114954,-106789,40223,316651,164644,-116923,226961,-120522,-116977,63589,231881,39991
1001564,-114940,-106792,40184,316747,164535,-116882,227039,-120509,-116936,63572,232021,39949
1001565,-114882,-106750,40188,316839,164419,-116829,227128,-120458,-116884,63613,231907,39949
1001566,-114856,-106726,40257,316913,164281,-116802,227191,-120410,-116853,63762,231810,40022
1001567,-114860,-106739,40251,316882,164281,-116790,227266,-120415,-116842,63888,231846,40013
1001568,-114821,-106740,40269,316844,164344,-116764,227289,-120415,-116819,63875,232086,40035
1001569,-114812,-106723,40254,316875,164237,-116741,227320,-120375,-116793,63972,232232,40019
1001570,-114799,-106712,40292,316938,164214,-116733,227380,-120338,-116786,64113,232127,40059
1001571,-114790,-106708,40319,316964,164351,-116781,227426,-120304,-116829,64092,232026,40089
1001572,-114779,-106733,40351,316973,164515,-116881,227445,-120307,-116934,64026,231884,40118
1001573,-114797,-106742,40355,316995,164570,-116975,227405,-120314,-117028,63951,231907,40119
1001574,-114851,-106772,40345,316938,164488,-117100,227330,-120359,-117150,63877,232197,40109
1001575,-114851,-106781,40338,316877,164384,-117190,227253,-120385,-117242,63795,232244,40104
1001576,-114886,-106802,40281,316837,164355,-117201,227189,-120384,-117257,63808,232107,40047
1001577,-114890,-106813,40186,316857,164339,-117115,227131,-120420,-117169,63757,232059,39948
1001578,-114908,-106821,40121,316806,164301,-116990,227065,-120484,-117045,63645,232048,39887
1001579,-114915,-106835,40128,316777,164318,-116861,226987,-120545,-116915,63546,232045,39894
1001580,-114939,-106827,40156,316821,164245,-116830,226932,-120546,-116884,63533,231927,39921
1001581,-114915,-106838,40155,316823,164225,-116792,226977,-120534,-116845,63567,231770,39916
1001582,-114941,-106856,40136,316860,164284,-116796,226988,-120566,-116848,63655,231776,39901
1001583,-114933,-106831,40161,316825,164251,-116802,226975,-120559,-116854,63742,231890,39927
1001584,-114923,-106831,40216,316772,164260,-116822,226996,-120542,-116878,63804,231971,39982
1001585,-114908,-106798,40221,316653,164188,-116791,227064,-120495,-116844,63825,232087,39988
1001586,-114883,-106760,40212,316712,164111,-116742,227130,-120463,-116795,63816,232169,39979
1001587,-114814,-106726,40209,316802,164116,-116718,227195,-120450,-116772,63810,232061,39975
1001588,-114752,-106699,40245,316826,164319,-116732,227285,-120429,-116786,63846,231939,40008
1001589,-114684,-106663,40261,316819,164503,-116766,227365,-120388,-116818,63837,231750,40025
1001590,-114627,-106623,40326,316850,164487,-116749,227436,-120342,-116801,63900,231590,40090
1001591,-114614,-106613,40367,316921,164446,-116752,227379,-120340,-116806,63927,231608,40133
1001592,-114618,-106619,40398,316983,164318,-116755,227304,-120356,-116812,63937,231711,40161
1001593,-114685,-106671,40326,316977,164129,-116747,227242,-120376,-116798,63973,231992,40091
1001594,-114725,-106703,40227,316898,164065,-116739,227211,-120428,-116792,63907,232132,39995
1001595,-114771,-106733,40144,316865,164054,-116758,227229,-120479,-116811,63815,232127,39910
1001596,-114800,-106767,40137,316860,164116,-116778,227169,-120500,-116831,63747,231996,39901
1001597,-114827,-106791,40160,316801,164247,-116807,227080,-120504,-116860,63720,231920,39929
1001598,-114896,-106820,40209,316751,164416,-116834,226951,-120551,-116890,63641,231879,39973
1001599,-114920,-106840,40187,316796,164486,-116855,226901,-120566,-116908,63608,231782,39951
1001600,-114980,-106871,40153,316818,164546,-116872,226866,-120594,-116927,63589,231804,39917
1001601,-115012,-106877,40144,316826,164583,-116914,226894,-120614,-116966,63570,231902,39908
1001602,-114984,-106855,40163,316831,164573,-116928,226973,-120566,-116980,63588,231755,39929
1001603,-114982,-106856,40155,316884,164530,-116940,227033,-120564,-116993,63666,231730,39923
1001604,-114945,-106865,40138,316915,164544,-116938,227084,-120561,-116992,63644,231880,39904
1001605,-114886,-106838,40146,316941,164474,-116904,227194,-120532,-116956,63576,231924,39914
1001606,-114825,-106796,40142,316949,164402,-116851,227229,-120482,-116905,63707,231934,39910
1001607,-114803,-106794,40133,316867,164267,-116810,227285,-120428,-116863,63849,232011,39899
1001608,-114770,-106762,40179,316906,164235,-116765,227293,-120413,-116818,63919,232108,39944
1001609,-114727,-106729,40237,316895,164261,-116816,227271,-120370,-116868,63919,232203,40001
1001610,-114689,-106717,40321,316916,164377,-116852,227285,-120340,-116904,63833,232292,40084
1001611,-114687,-106713,40356,316959,164497,-116905,227342,-120348,-116958,63808,232225,40124
1001612,-114676,-106723,40323,316906,164610,-116892,227385,-120325,-116945,63867,232052,40088
1001613,-114698,-106735,40267,316891,164511,-116848,227375,-120365,-116902,63924,232014,40032
1001614,-114746,-106765,40199,316883,164387,-116863,227313,-120439,-116915,63999,232122,39963
1001615,-114792,-106803,40161,316851,164250,-116873,227233,-120505,-116925,64012,232247,39929
1001616,-114831,-106823,40136,316806,164243,-116899,227220,-120533,-116953,63918,232197,39904
1001617,-114839,-106821,40105,316767,164249,-116918,227214,-120514,-116969,63855,232102,39870
1001618,-114874,-106832,40073,316780,164238,-116934,227187,-120522,-116989,63795,232026,39835
1001619,-114915,-106853,40060,316763,164174,-116928,227178,-120511,-116981,63764,232013,39826
1001620,-114957,-106885,40051,316696,164245,-116900,227126,-120515,-116953,63781,231936,39815
1001621,-114980,-106912,40094,316710,164248,-116864,227074,-120511,-116917,63802,231893,39857
1001622,-114950,-106881,40133,316734,164209,-116837,227078,-120521,-116890,63806,231882,39899
1001623,-114949,-106887,40125,316718,164236,-116810,227094,-120511,-116861,63826,231996,39889
1001624,-114919,-106876,40118,316726,164246,-116789,227135,-120493,-116842,63859,232061,39885
1001625,-114884,-106841,40143,316786,164258,-116810,227172,-120462,-116865,63883,232107,39911
1001626,-114845,-106827,40196,316782,164358,-116840,227198,-120427,-116892,63928,232100,39961
1001627,-114794,-106802,40227,316748,164413,-116809,227253,-120373,-116862,63999,231992,39991
1001628,-114753,-106757,40254,316805,164509,-116732,227358,-120313,-116785,64051,231792,40016
1001629,-114751,-106740,40262,316868,164667,-116698,227398,-120329,-116750,63977,231763,40028
1001630,-114721,-106708,40266,316951,164773,-116666,227395,-120322,-116720,63883,231857,40031
1001631,-114693,-106705,40249,317047,164815,-116670,227414,-120297,-116723,63819,231872,40014
1001632,-114734,-106725,40271,317123,164827,-116665,227438,-120301,-116720,63897,231682,40037
1001633,-114792,-106743,40286,317163,164802,-116702,227418,-120337,-116755,63852,231740,40052
1001634,-114850,-106794,40294,317119,164757,-116766,227354,-120409,-116820,63810,231940,40059
1001635,-114874,-106852,40228,316934,164637,-116792,227311,-120394,-116842,63799,232166,39994
1001636,-114888,-106882,40240,316871,164411,-116798,227292,-120416,-116852,63782,232237,40004
1001637,-114911,-106898,40274,316873,164248,-116807,227249,-120401,-116861,63761,232279,40039
1001638,-114933,-106904,40267,316884,164181,-116834,227102,-120443,-116890,63715,232300,40031
1001639,-114930,-106894,40273,316780,164085,-116833,227068,-120448,-116887,63793,232245,40038
1001640,-114932,-106917,40234,316660,164006,-116833,227076,-120434,-116883,63821,232256,39999
1001641,-114965,-106921,40215,316617,164122,-116828,227009,-120446,-116884,63807,232300,39982
1001642,-114954,-106884,40207,316711,164252,-116805,226977,-120446,-116857,63834,232114,39973
1001643,-114939,-106871,40246,316847,164300,-116802,227036,-120438,-116851,63875,231977,40014
1001644,-114915,-106863,40258,316973,164388,-116831,227083,-120462,-116881,63850,232012,40027
1001645,-114890,-106831,40292,316973,164445,-116797,227127,-120429,-116846,63864,232033,40058
1001646,-114867,-106802,40317,316941,164490,-116748,227177,-120394,-116803,63912,232023,40084
1001647,-114833,-106773,40336,316939,164510,-116719,227232,-120358,-116772,63949,231955,40099
1001648,-114787,-106728,40370,317024,164469,-116676,227324,-120301,-116729,63940,231952,40134
1001649,-114749,-106704,40400,317129,164455,-116696,227357,-120301,-116747,63844,232147,40166
1001650,-114705,-106692,40420,317170,164406,-116686,227399,-120269,-116741,63837,232251,40184
1001651,-114688,-106682,40414,317162,164496,-116699,227454,-120257,-116751,63885,232152,40178
1001652,-114709,-106674,40406,317218,164487,-116720,227462,-120273,-116773,63934,232084,40170
1001653,-114713,-106666,40401,317231,164379,-116792,227434,-120295,-116844,63967,232143,40166
1001654,-114741,-106690,40380,317156,164303,-116801,227367,-120301,-116853,63979,232162,40146
1001655,-114752,-106713,40355,316957,164369,-116827,227308,-120334,-116881,63976,232101,40118
1001656,-114750,-106718,40376,316904,164333,-116822,227209,-120327,-116875,63948,231956,40139
1001657,-114759,-106739,40372,316869,164380,-116840,227115,-120362,-116890,63984,231875,40138
1001658,-114784,-106759,40327,316906,164523,-116839,226992,-120447,-116893,63884,231804,40090
1001659,-114817,-106771,40322,317006,164547,-116810,226865,-120483,-116864,63819,231797,40088
1001660,-114883,-106794,40310,316945,164478,-116923,226891,-120442,-116974,63817,231953,40075
1001661,-114943,-106785,40295,316830,164358,-117031,227016,-120392,-117084,63839,232121,40060
1001662,-114958,-106787,40274,316758,164301,-117041,227100,-120343,-117095,63843,232270,40038
1001663,-114902,-106787,40264,316807,164249,-116970,227120,-120334,-117024,63887,232283,40031
1001664,-114877,-106771,40280,316895,164248,-116866,227137,-120361,-116921,63951,232206,40041
1001665,-114823,-106756,40370,316899,164315,-116769,227214,-120397,-116822,63970,232050,40135
1001666,-114784,-106718,40472,316914,164322,-116654,227309,-120372,-116707,64014,231820,40236
1001667,-114763,-106710,40442,316941,164428,-116619,227358,-120370,-116673,63989,231879,40204
1001668,-114707,-106691,40411,316969,164520,-116643,227402,-120357,-116697,63944,232116,40174
1001669,-114652,-106670,40424,317072,164595,-116695,227447,-120345,-116750,63905,232125,40189
1001670,-114600,-106650,40436,317196,164727,-116710,227485,-120316,-116761,63826,232045,40201
1001671,-114624,-106661,40445,317267,164847,-116629,227447,-120303,-116681,63877,231964,40209
1001672,-114657,-106685,40471,317400,164917,-116607,227363,-120347,-116662,63874,231909,40235
1001673,-114692,-106709,40476,317411,164972,-116640,227326,-120392,-116692,63847,231915,40240
1001674,-114733,-106726,40441,317366,164933,-116684,227338,-120425,-116739,63803,231951,40205
1001675,-114757,-106734,40435,317330,164802,-116703,227320,-120432,-116755,63728,231902,40198
1001676,-114784,-106759,40445,317266,164634,-116735,227245,-120461,-116787,63717,231960,40212
1001677,-114786,-106780,40404,317181,164374,-116735,227268,-120466,-116786,63756,232116,40169
1001678,-114823,-106795,40330,317167,164225,-116765,227224,-120512,-116818,63762,232210,40094
1001679,-114854,-106817,40226,317077,164245,-116767,227220,-120503,-116820,63827,232238,39992
1001680,-114874,-106834,40160,316907,164304,-116801,227200,-120500,-116851,63842,232298,39930
1001681,-114859,-106837,40150,316703,164318,-116807,227211,-120475,-116860,63808,232423,39916
1001682,-114832,-106847,40166,316596,164358,-116775,227213,-120450,-116828,63790,232446,39932
1001683,-114842,-106827,40217,316608,164402,-116770,227215,-120411,-116825,63749,232461,39982
1001684,-114840,-106830,40258,316755,164419,-116769,227220,-120397,-116821,63816,232412,40023
1001685,-114830,-106812,40305,316917,164488,-116738,227234,-120373,-116791,63861,232262,40068
1001686,-114811,-106795,40305,316970,164512,-116742,227273,-120341,-116797,63914,232276,40066
1001687,-114795,-106757,40311,317002,164470,-116732,227345,-120326,-116788,63942,232274,40073
1001688,-114738,-106705,40373,317128,164514,-116730,227427,-120294,-116783,63950,232165,40137
1001689,-114706,-106682,40435,317170,164560,-116690,227460,-120281,-116742,63927,232077,40202
1001690,-114688,-106678,40495,317179,164642,-116652,227478,-120276,-116707,63935,232147,40261
1001691,-114703,-106689,40514,317175,164669,-116652,227466,-120298,-116704,63932,232206,40280
1001692,-114694,-106698,40474,317157,164698,-116636,227500,-120285,-116689,63958,232077,40236
1001693,-114650,-106684,40478,317142,164617,-116672,227532,-120254,-116727,64069,231750,40243
1001694,-114671,-106694,40464,317110,164563,-116700,227518,-120292,-116752,64106,231558,40232
1001695,-114712,-106725,40459,317117,164644,-116775,227446,-120379,-116829,64045,231524,40225
1001696,-114756,-106781,40417,317059,164728,-116880,227349,-120407,-116933,63970,231618,40182
1001697,-114789,-106796,40329,317048,164684,-116939,227277,-120414,-116994,63891,231832,40096
1001698,-114826,-106818,40262,317027,164685,-116943,227183,-120422,-116997,63825,231847,40029
1001699,-114840,-106845,40211,316937,164574,-116903,227170,-120413,-116954,63843,231905,39975
1001700,-114868,-106853,40225,316872,164437,-116859,227142,-120453,-116914,63750,232039,39989
1001701,-114893,-106840,40259,316852,164358,-116841,227130,-120493,-116894,63738,232095,40024
1001702,-114890,-106817,40331,316829,164305,-116812,227146,-120503,-116863,63768,232079,40096
1001703,-114851,-106797,40329,316789,164240,-116842,227149,-120455,-116896,63821,232129,40096
1001704,-114803,-106787,40307,316907,164150,-116873,227110,-120418,-116924,63852,232220,40073
1001705,-114795,-106775,40277,316939,164189,-116850,227119,-120383,-116901,63920,232239,40042
1001706,-114769,-106763,40274,316951,164141,-116792,227175,-120359,-116848,63971,232287,40038
1001707,-114729,-106773,40274,316963,164088,-116708,227243,-120353,-116761,63997,232298,40040
1001708,-114681,-106759,40291,316974,164008,-116618,227369,-120336,-116670,64000,232408,40056
1001709,-114682,-106744,40265,316968,164137,-116603,227389,-120341,-116654,64017,232456,40034
1001710,-114667,-106736,40235,316955,164510,-116568,227383,-120323,-116621,64052,232269,40000
1001711,-114626,-106714,40189,316990,164579,-116535,227363,-120289,-116588,64097,232117,39952
1001712,-114610,-106726,40190,317036,164490,-116587,227305,-120303,-116642,64066,232216,39952
1001713,-114646,-106742,40229,317014,164492,-116636,227306,-120326,-116690,63945,232248,39992
1001714,-114681,-106772,40227,316890,164579,-116659,227299,-120363,-116710,63868,232200,39992
1001715,-114746,-106803,40242,316832,164622,-116735,227214,-120434,-116785,63844,232207,40007
1001716,-114779,-106828,40250,316726,164667,-116844,227180,-120475,-116899,63756,232211,40013
1001717,-114820,-106833,40239,316728,164642,-116925,227258,-120460,-116976,63673,232086,40003
1001718,-114814,-106835,40190,316776,164608,-116990,227277,-120495,-117042,63607,231854,39951
1001719,-114821,-106835,40121,316863,164629,-117015,227229,-120515,-117068,63664,231680,39886
1001720,-114846,-106852,40118,316872,164613,-116964,227143,-120537,-117017,63660,231614,39885
1001721,-114842,-106865,40146,316872,164572,-116916,227111,-120546,-116973,63580,231610,39908
1001722,-114836,-106857,40220,316885,164552,-116934,227133,-120549,-116987,63465,231706,39982
1001723,-114837,-106841,40262,316895,164525,-116944,227211,-120546,-116996,63509,231701,40028
1001724,-114829,-106818,40311,316920,164520,-116939,227217,-120551,-116994,63602,231694,40078
1001725,-114846,-106807,40342,316856,164492,-116963,227218,-120532,-117017,63725,231866,40106
1001726,-114842,-106812,40349,316777,164522,-116927,227263,-120547,-116981,63784,232048,40116
1001727,-114816,-106824,40298,316789,164559,-116894,227293,-120518,-116950,63858,232068,40063
1001728,-114789,-106816,40292,316835,164620,-116860,227349,-120476,-116915,63917,232128,40059
1001729,-114769,-106824,40305,316889,164678,-116857,227351,-120484,-116910,63892,232233,40069
1001730,-114757,-106813,40259,316980,164687,-116813,227337,-120463,-116865,63899,232367,40024
1001731,-114750,-106822,40232,317069,164598,-116781,227329,-120446,-116834,63927,232418,39996
1001732,-114734,-106818,40217,317183,164493,-116755,227323,-120457,-116812,63875,232380,39980
1001733,-114700,-106814,40190,317113,164360,-116716,227344,-120457,-116772,63896,232290,39956
1001734,-114716,-106806,40163,316982,164293,-116714,227319,-120458,-116769,63894,232204,39926
1001735,-114761,-106846,40119,316914,164278,-116750,227272,-120458,-116802,63810,232164,39882
1001736,-114772,-106834,40086,316900,164209,-116758,227256,-120463,-116811,63684,232049,39849
1001737,-114811,-106833,40097,316903,164189,-116755,227295,-120481,-116807,63645,231823,39861
1001738,-114884,-106869,40028,316867,164221,-116791,227251,-120524,-116845,63668,231788,39793
1001739,-114892,-106889,40005,316867,164273,-116964,227167,-120549,-117015,63675,231918,39768
1001740,-114907,-106905,40057,316885,164333,-117082,227108,-120549,-117138,63650,231794,39818
1001741,-114891,-106890,40055,316840,164394,-117067,227065,-120512,-117115,63714,231610,39822
1001742,-114925,-106908,40019,316759,164337,-116996,227029,-120504,-117050,63758,231816,39786
1001743,-114945,-106927,39985,316753,164194,-116906,227012,-120508,-116959,63797,232109,39748
1001744,-114926,-106932,40013,316780,164092,-116843,227029,-120518,-116899,63847,232226,39780
1001745,-114904,-106923,40065,316810,164106,-116739,227086,-120496,-116794,63873,232114,39831
1001746,-114861,-106916,40115,316809,164222,-116699,227174,-120496,-116752,63855,232020,39883
1001747,-114834,-106890,40096,316803,164409,-116706,227221,-120438,-116761,63824,231985,39860
1001748,-114795,-106866,40068,316797,164583,-116716,227278,-120375,-116769,63828,232015,39834
1001749,-114769,-106841,40053,316830,164582,-116749,227319,-120322,-116801,63867,232045,39817
1001750,-114755,-106815,40116,316959,164520,-116775,227389,-120275,-116828,63917,231994,39884
1001751,-114767,-106819,40187,317077,164514,-116780,227412,-120290,-116837,63896,231963,39951
1001752,-114780,-106844,40271,317117,164567,-116752,227397,-120344,-116806,63824,231958,40032
1001753,-114812,-106880,40304,317059,164596,-116739,227346,-120419,-116795,63767,232022,40068
1001754,-114837,-106895,40293,317038,164504,-116735,227280,-120488,-116788,63748,232003,40055
1001755,-114895,-106933,40246,316908,164479,-116749,227168,-120549,-116798,63802,232118,40010
1001756,-114943,-106986,40203,316733,164489,-116720,227130,-120556,-116773,63815,232130,39968
1001757,-114948,-106984,40186,316690,164393,-116768,227161,-120565,-116823,63787,232095,39951
1001758,-114976,-106984,40189,316709,164213,-116779,227176,-120564,-116834,63748,232006,39957
1001759,-114980,-106977,40179,316771,164175,-116823,227134,-120541,-116875,63698,231931,39946
1001760,-115001,-107002,40145,316723,164263,-116824,227090,-120551,-116877,63661,231881,39913
1001761,-115034,-107019,40097,316629,164358,-116816,227090,-120559,-116865,63603,232014,39861
1001762,-115045,-107029,40076,316646,164435,-116842,227084,-120572,-116895,63582,232157,39843
1001763,-115051,-107039,40054,316754,164490,-116852,227041,-120564,-116904,63694,232213,39820
1001764,-115043,-107034,40051,316780,164510,-116862,227068,-120570,-116915,63818,232209,39817
1001765,-115026,-106999,40120,316849,164581,-116843,227107,-120543,-116894,63846,232072,39883
1001766,-114955,-106974,40150,316919,164640,-116809,227198,-120500,-116862,63770,231961,39917
1001767,-114885,-106924,40195,316972,164653,-116810,227289,-120466,-116865,63699,231862,39961
1001768,-114812,-106874,40261,316986,164679,-116774,227368,-120440,-116828,63717,231875,40028
1001769,-114768,-106866,40261,316987,164660,-116754,227379,-120455,-116803,63738,232077,40026
1001770,-114718,-106836,40290,317097,164554,-116710,227405,-120442,-116763,63849,232053,40057
1001771,-114701,-106846,40251,317117,164552,-116676,227388,-120437,-116729,63916,232054,40014
1001772,-114713,-106849,40221,316996,164514,-116669,227392,-120445,-116723,63945,232185,39985
1001773,-114735,-106863,40196,316954,164440,-116686,227385,-120454,-116739,63985,232173,39963
1001774,-114760,-106878,40169,316966,164347,-116711,227353,-120437,-116764,63960,232101,39933
1001775,-114774,-106897,40119,316847,164308,-116721,227274,-120463,-116775,63899,232152,39883
1001776,-114802,-106903,40081,316726,164371,-116745,227175,-120486,-116798,63905,232151,39845
1001777,-114797,-106906,40073,316708,164247,-116744,227150,-120454,-116797,63909,232021,39837
1001778,-114818,-106919,40099,316794,164103,-116769,227097,-120466,-116823,63834,231969,39866
1001779,-114897,-106969,40104,316786,164279,-116847,227013,-120533,-116897,63799,232097,39872
1001780,-114941,-106982,40115,316836,164319,-116879,226950,-120564,-116931,63750,232030,39879
1001781,-114916,-106955,40100,316968,164274,-116865,226934,-120546,-116918,63677,231928,39865
1001782,-114904,-106946,40066,316915,164361,-116875,227015,-120516,-116930,63619,231938,39833
1001783,-114876,-106931,40018,316835,164397,-116936,227093,-120472,-116986,63716,232002,39783
1001784,-114870,-106920,40018,316768,164442,-116945,227155,-120471,-116999,63826,232101,39783
1001785,-114815,-106914,40052,316728,164498,-116920,227258,-120446,-116974,63818,232087,39821
1001786,-114804,-106923,40175,316812,164425,-116848,227309,-120443,-116901,63788,232116,39939
1001787,-114802,-106887,40279,316911,164424,-116823,227338,-120470,-116876,63754,232161,40044
1001788,-114783,-106855,40363,316960,164592,-116813,227370,-120492,-116865,63793,232147,40125
1001789,-114741,-106824,40395,316985,164727,-116866,227426,-120476,-116920,63835,232096,40160
1001790,-114702,-106811,40382,317019,164739,-116908,227399,-120449,-116961,63881,232238,40148
1001791,-114651,-106772,40373,317047,164589,-116923,227299,-120403,-116978,63983,232344,40135
1001792,-114626,-106769,40343,317046,164504,-116845,227232,-120375,-116899,64026,232238,40108
1001793,-114655,-106794,40329,317072,164549,-116745,227223,-120378,-116798,64016,231974,40093
1001794,-114744,-106832,40304,317096,164700,-116715,227260,-120445,-116769,63934,231795,40070
1001795,-114828,-106861,40282,317050,164678,-116767,227171,-120527,-116822,63872,232003,40047
1001796,-114852,-106892,40286,316972,164619,-116821,227120,-120568,-116872,63779,232116,40051
1001797,-114861,-106877,40293,316879,164573,-116814,227150,-120565,-116869,63751,232027,40058
1001798,-114876,-106881,40288,316811,164539,-116825,227170,-120580,-116878,63740,231864,40055
1001799,-114887,-106871,40270,316812,164573,-116867,227171,-120586,-116923,63694,231784,40036
1001800,-114886,-106876,40263,316838,164551,-116943,227158,-120614,-116994,63637,231755,40027
1001801,-114898,-106873,40258,316895,164536,-116967,227162,-120607,-117021,63608,231711,40022
1001802,-114904,-106868,40256,316954,164554,-116981,227146,-120600,-117034,63556,231829,40020
1001803,-114888,-106866,40263,316989,164570,-117003,227183,-120565,-117052,63584,231870,40027
1001804,-114866,-106843,40282,317001,164501,-116990,227221,-120547,-117045,63630,231908,40045
1001805,-114858,-106841,40248,317055,164459,-116961,227254,-120536,-117011,63670,232064,40014
1001806,-114852,-106832,40231,317125,164524,-116915,227263,-120526,-116969,63683,232105,39996
1001807,-114843,-106820,40261,317122,164597,-116824,227276,-120521,-116879,63770,232117,40028
1001808,-114791,-106801,40291,317053,164662,-116750,227299,-120484,-116805,63877,232109,40057
1001809,-114749,-106760,40383,317118,164651,-116682,227346,-120454,-116732,63874,231937,40149
1001810,-114689,-106698,40439,317177,164546,-116680,227379,-120437,-116732,63843,232050,40204
1001811,-114659,-106695,40403,317100,164395,-116684,227359,-120415,-116738,63911,232310,40170
1001812,-114672,-106728,40354,316966,164374,-116717,227354,-120396,-116772,63995,232439,40118
1001813,-114696,-106773,40313,316860,164446,-116738,227343,-120420,-116791,63986,232483,40077
1001814,-114732,-106812,40296,316924,164486,-116748,227257,-120453,-116802,63906,232397,40061
1001815,-114793,-106833,40312,316960,164495,-116766,227191,-120510,-116821,63791,232346,40078
1001816,-114840,-106850,40341,316944,164384,-116772,227214,-120527,-116826,63720,232206,40106
1001817,-114863,-106868,40324,316880,164412,-116803,227231,-120553,-116856,63710,232118,40087
1001818,-114893,-106856,40305,316906,164454,-116860,227208,-120566,-116912,63631,231969,40071
1001819,-114911,-106841,40314,316953,164533,-116934,227155,-120569,-116986,63540,231857,40075
1001820,-114899,-106829,40252,316924,164605,-116951,227124,-120556,-117004,63511,231753,40017
1001821,-114879,-106833,40211,316934,164694,-116975,227136,-120541,-117028,63509,231632,39975
1001822,-114887,-106856,40174,317060,164683,-116984,227084,-120567,-117035,63556,231760,39942
1001823,-114907,-106848,40185,317113,164563,-116993,227080,-120587,-117046,63650,231906,39950
1001824,-114883,-106852,40222,317031,164498,-116908,227097,-120580,-116967,63726,231977,39983
1001825,-114890,-106857,40274,316942,164499,-116841,227128,-120584,-116893,63802,232103,40038
1001826,-114904,-106823,40323,316957,164592,-116803,227156,-120553,-116858,63821,232124,40088
1001827,-114929,-106806,40347,316962,164724,-116786,227208,-120544,-116836,63806,232111,40115
1001828,-114855,-106776,40345,317035,164731,-116781,227263,-120503,-116835,63860,232167,40112
1001829,-114775,-106732,40366,317108,164638,-116776,227237,-120472,-116830,63915,232165,40131
1001830,-114690,-106688,40402,317124,164677,-116744,227209,-120405,-116797,63968,232062,40169
1001831,-114673,-106673,40393,317136,164743,-116713,227202,-120381,-116765,63939,231999,40159
1001832,-114667,-106697,40391,317090,164753,-116729,227230,-120386,-116782,63895,232018,40161
1001833,-114727,-106723,40373,317017,164760,-116795,227300,-120400,-116851,63831,232097,40139
1001834,-114780,-106763,40335,316924,164735,-116859,227319,-120432,-116915,63830,232094,40098
1001835,-114825,-106801,40328,316866,164635,-116930,227323,-120471,-116982,63826,232068,40091
1001836,-114904,-106834,40290,316807,164563,-116922,227353,-120522,-116977,63766,232144,40055
1001837,-114929,-106855,40281,316814,164454,-116919,227285,-120545,-116972,63756,232203,40046
1001838,-114899,-106872,40265,316894,164317,-116956,227187,-120574,-117010,63678,232176,40033
1001839,-114886,-106871,40262,316990,164320,-116972,227089,-120586,-117027,63618,232070,40029
1001840,-114893,-106886,40233,316987,164268,-116941,227070,-120577,-116995,63658,231918,39997
1001841,-114934,-106904,40206,316928,164355,-116905,227091,-120558,-116957,63781,231668,39975
1001842,-114927,-106897,40172,316825,164424,-116840,227151,-120501,-116892,63890,231551,39939
1001843,-114914,-106890,40166,316768,164303,-116782,227137,-120491,-116833,63894,231775,39931
1001844,-114905,-106875,40151,316754,164169,-116772,227107,-120496,-116824,63884,232157,39917
1001845,-114884,-106877,40171,316769,164112,-116764,227125,-120472,-116818,63952,232339,39938
1001846,-114887,-106879,40225,316761,164225,-116813,227182,-120454,-116868,63967,232420,39991
1001847,-114874,-106850,40274,316772,164415,-116865,227252,-120415,-116916,63964,232290,40041
1001848,-114817,-106819,40371,316923,164546,-116893,227365,-120385,-116946,63999,232048,40138
1001849,-114752,-106803,40406,317014,164601,-116860,227484,-120379,-116916,63987,231822,40171
1001850,-114768,-106801,40386,317000,164818,-116820,227444,-120414,-116873,63930,232024,40152
1001851,-114772,-106818,40385,317053,164895,-116776,227352,-120474,-116826,63841,232234,40150
1001852,-114787,-106825,40346,317095,164890,-116731,227338,-120477,-116783,63851,232197,40113
1001853,-114781,-106839,40348,317112,164858,-116737,227293,-120489,-116786,63744,232187,40113
1001854,-114806,-106838,40334,317133,164735,-116761,227232,-120503,-116814,63705,232196,40100
1001855,-114836,-106874,40255,317119,164583,-116779,227185,-120521,-116831,63743,232160,40020
1001856,-114880,-106910,40190,317015,164519,-116773,227179,-120523,-116826,63807,232108,39958
1001857,-114906,-106942,40203,316895,164487,-116810,227163,-120537,-116863,63798,232120,39970
1001858,-114964,-106945,40170,316849,164330,-116802,227174,-120539,-116856,63724,232114,39936
1001859,-114963,-106964,40140,316749,164216,-116755,227157,-120527,-116811,63695,232169,39905
1001860,-114978,-106992,40061,316668,164147,-116714,227155,-120520,-116767,63726,232164,39827
1001861,-114981,-106973,40065,316699,164136,-116699,227159,-120522,-116752,63761,232018,39830
1001862,-115010,-106983,40059,316743,164254,-116730,227152,-120510,-116782,63818,231922,39826
1001863,-115025,-107003,40068,316802,164416,-116770,227143,-120517,-116826,63832,232007,39833
1001864,-115000,-107001,40133,316916,164502,-116800,227158,-120511,-116857,63781,232030,39896
1001865,-114967,-106986,40169,317003,164536,-116829,227221,-120497,-116884,63803,231990,39938
1001866,-114942,-106964,40208,317011,164517,-116844,227282,-120471,-116900,63841,232052,39972
1001867,-114892,-106958,40225,316950,164589,-116819,227306,-120466,-116872,63872,232084,39992
1001868,-114846,-106946,40255,316885,164703,-116778,227251,-120446,-116833,63954,232226,40021
1001869,-114818,-106941,40284,316867,164653,-116737,227214,-120409,-116795,63990,232347,40048
1001870,-114796,-106927,40279,316854,164666,-116728,227283,-120373,-116783,64024,232411,40047
1001871,-114789,-106931,40287,316870,164668,-116805,227384,-120369,-116856,64038,232434,40054
1001872,-114792,-106931,40274,316988,164563,-116876,227400,-120359,-116930,64041,232455,40040
1001873,-114794,-106939,40233,317068,164462,-116895,227386,-120326,-116950,64006,232346,39998
1001874,-114809,-106938,40183,317050,164397,-116845,227388,-120320,-116899,63930,232164,39951
1001875,-114831,-106958,40121,316947,164427,-116787,227390,-120342,-116838,63840,232021,39887
1001876,-114865,-106967,40108,316845,164431,-116769,227353,-120365,-116819,63747,231936,39873
1001877,-114882,-106980,40108,316760,164480,-116813,227360,-120390,-116866,63675,231827,39874
1001878,-114884,-106990,40119,316605,164468,-116842,227319,-120425,-116897,63717,231726,39885
1001879,-114905,-106998,40150,316523,164391,-116848,227232,-120437,-116904,63710,231834,39918
1001880,-114956,-107025,40146,316575,164252,-116840,227152,-120441,-116894,63695,231850,39908
1001881,-115018,-107060,40122,316707,164362,-116822,227089,-120428,-116872,63696,231784,39888
1001882,-115070,-107062,40113,316746,164569,-116826,227052,-120444,-116882,63737,231711,39877
1001883,-115098,-107066,40114,316791,164652,-116793,227033,-120453,-116846,63877,231665,39879
1001884,-115095,-107064,40154,316845,164603,-116775,226998,-120443,-116826,63903,231868,39920
1001885,-115044,-107058,40181,316914,164586,-116763,227004,-120473,-116814,63795,232104,39946
1001886,-115001,-107063,40149,316879,164530,-116731,227127,-120480,-116783,63763,232352,39913
1001887,-114955,-107033,40160,316862,164452,-116711,227223,-120464,-116765,63809,232402,39923
1001888,-114912,-107026,40173,316854,164518,-116685,227275,-120440,-116736,63926,232411,39938
1001889,-114869,-106995,40235,316881,164519,-116662,227265,-120417,-116714,64003,232374,40003
1001890,-114830,-106979,40298,317024,164535,-116651,227227,-120397,-116705,64003,232311,40061
1001891,-114830,-106949,40308,317075,164517,-116658,227249,-120369,-116711,64015,232288,40073
1001892,-114815,-106937,40303,317078,164449,-116673,227267,-120382,-116729,63981,232325,40067
1001893,-114821,-106951,40280,317004,164389,-116704,227264,-120393,-116759,63977,232329,40047
1001894,-114859,-106986,40203,316895,164374,-116741,227327,-120425,-116793,63979,232260,39969
1001895,-114901,-107004,40159,316799,164371,-116757,227297,-120435,-116810,63959,232210,39926
1001896,-114970,-107012,40125,316746,164417,-116772,227271,-120464,-116829,63910,232168,39888
1001897,-114999,-107024,40091,316771,164377,-116789,227216,-120493,-116842,63877,232126,39858
1001898,-114989,-107026,40075,316721,164362,-116807,227153,-120500,-116860,63812,232033,39841
1001899,-114992,-107014,40078,316718,164395,-116807,227073,-120493,-116862,63698,232005,39845
1001900,-115008,-107035,40100,316731,164368,-116841,227063,-120487,-116896,63608,231983,39864
1001901,-115023,-107053,40118,316742,164323,-116845,227100,-120486,-116900,63644,231894,39880
1001902,-114985,-107041,40192,316738,164341,-116832,227116,-120468,-116884,63716,231680,39954
1001903,-114952,-107037,40199,316747,164417,-116865,227084,-120469,-116918,63727,231752,39964
1001904,-114958,-107008,40237,316814,164505,-116903,227009,-120480,-116953,63707,231912,40006
1001905,-114934,-107000,40256,316806,164582,-116901,227071,-120455,-116953,63717,231946,40023
1001906,-114910,-106992,40261,316810,164634,-116869,227205,-120440,-116919,63725,231919,40028
1001907,-114913,-106958,40289,316880,164653,-116797,227250,-120433,-116850,63723,231860,40050
1001908,-114848,-106906,40298,317007,164644,-116761,227291,-120360,-116812,63787,231773,40063
1001909,-114768,-106905,40258,317044,164616,-116726,227275,-120340,-116779,63852,231903,40022
1001910,-114711,-106881,40250,317032,164625,-116789,227275,-120304,-116845,63854,232051,40013
1001911,-114683,-106864,40214,317010,164583,-116825,227324,-120265,-116878,63921,232018,39978
1001912,-114713,-106866,40221,316994,164524,-116863,227367,-120281,-116917,63920,232082,39987
1001913,-114771,-106908,40188,316940,164534,-116906,227347,-120339,-116959,63887,232245,39951
1001914,-114820,-106928,40150,316909,164499,-116915,227277,-120396,-116971,63856,232350,39918
1001915,-114870,-106943,40163,316867,164380,-116912,227259,-120453,-116966,63819,232232,39927
1001916,-114874,-106955,40209,316857,164307,-116944,227274,-120476,-116997,63788,232008,39975
1001917,-114906,-106974,40217,316855,164310,-117032,227221,-120486,-117089,63790,231961,39982
1001918,-114900,-106983,40168,316803,164335,-117160,227167,-120505,-117211,63692,231973,39935
1001919,-114885,-106966,40141,316818,164213,-117184,227195,-120461,-117236,63706,231831,39904
1001920,-114895,-106996,40109,316796,164109,-117130,227225,-120465,-117182,63669,231776,39874
1001921,-114903,-107022,40102,316826,164117,-117098,227205,-120517,-117148,63613,231831,39867
1001922,-114919,-107041,40104,316791,164179,-116931,227186,-120547,-116983,63624,231824,39868
1001923,-114903,-107019,40124,316777,164260,-116849,227199,-120563,-116903,63619,231812,39888
1001924,-114870,-107007,40166,316737,164278,-116816,227226,-120572,-116871,63670,231886,39931
1001925,-114865,-106993,40189,316752,164305,-116806,227245,-120575,-116860,63689,231975,39955
1001926,-114829,-106967,40193,316715,164323,-116771,227290,-120536,-116825,63740,232036,39960
1001927,-114826,-106964,40190,316718,164419,-116751,227297,-120500,-116803,63760,232105,39957
1001928,-114806,-106924,40237,316853,164586,-116772,227304,-120481,-116823,63791,232033,40002
1001929,-114786,-106910,40213,316923,164808,-116773,227288,-120456,-116828,63794,232014,39979
1001930,-114799,-106881,40223,317022,164804,-116758,227310,-120424,-116811,63816,232005,39988
1001931,-114757,-106863,40248,317062,164790,-116736,227351,-120399,-116789,63758,231984,40015
1001932,-114757,-106881,40260,317047,164765,-116733,227391,-120416,-116785,63728,231992,40026
1001933,-114759,-106908,40230,316995,164667,-116760,227407,-120435,-116813,63682,232095,39996
1001934,-114780,-106911,40200,316953,164569,-116820,227429,-120452,-116870,63611,232105,39968
1001935,-114818,-106922,40174,316987,164523,-116868,227400,-120474,-116921,63557,232025,39937
1001936,-114828,-106946,40148,316996,164501,-116917,227324,-120490,-116972,63557,231929,39913
1001937,-114856,-106964,40101,316907,164498,-116943,227271,-120511,-116997,63658,231877,39867
1001938,-114898,-107015,40072,316823,164472,-116997,227206,-120555,-117048,63710,231974,39837
1001939,-114912,-107042,40087,316798,164402,-116990,227182,-120542,-117042,63657,232015,39851
1001940,-114915,-107035,40133,316785,164313,-116993,227167,-120525,-117048,63542,232003,39898
1001941,-114902,-107031,40152,316768,164251,-116991,227169,-120517,-117043,63561,231956,39918
1001942,-114869,-107006,40162,316815,164277,-116989,227174,-120503,-117039,63656,231801,39930
1001943,-114858,-106997,40171,316901,164319,-116963,227101,-120502,-117014,63757,231819,39936
1001944,-114842,-106986,40141,316954,164253,-116926,227127,-120466,-116976,63834,231905,39907
1001945,-114830,-106954,40110,316932,164134,-116874,227251,-120427,-116928,63873,232019,39871
1001946,-114796,-106930,40088,316951,164200,-116840,227295,-120391,-116892,63902,231995,39855
1001947,-114769,-106930,40049,316879,164281,-116791,227345,-120341,-116842,63942,232036,39818
1001948,-114744,-106907,40042,316860,164405,-116798,227416,-120337,-116849,63917,232201,39808
1001949,-114751,-106895,40142,316839,164607,-116809,227436,-120356,-116860,63875,232321,39910
1001950,-114703,-106852,40243,316818,164729,-116763,227382,-120332,-116816,63844,232273,40012
1001951,-114673,-106834,40321,316836,164767,-116735,227350,-120319,-116791,63735,232328,40087
1001952,-114662,-106841,40296,316817,164796,-116737,227409,-120301,-116792,63732,232256,40060
1001953,-114650,-106851,40270,316792,164828,-116754,227435,-120317,-116807,63806,231977,40033
1001954,-114685,-106864,40245,316792,164570,-116779,227412,-120300,-116831,63899,231969,40012
1001955,-114758,-106909,40233,316759,164437,-116817,227296,-120341,-116872,63936,232108,39995
1001956,-114813,-106944,40180,316771,164496,-116869,227195,-120422,-116924,63923,232117,39942
1001957,-114877,-106976,40153,316811,164585,-116902,227186,-120453,-116955,63870,232051,39917
1001958,-114935,-106996,40152,316870,164610,-116947,227176,-120478,-117002,63819,231900,39917
1001959,-114927,-106982,40180,316953,164579,-116970,227191,-120474,-117024,63695,231813,39944
1001960,-114893,-106975,40144,317049,164492,-116999,227243,-120489,-117052,63573,231636,39910
1001961,-114887,-106971,40106,317110,164425,-117018,227291,-120487,-117071,63537,231632,39870
1001962,-114861,-106979,40084,317060,164465,-117073,227311,-120473,-117123,63505,231825,39849
1001963,-114826,-106979,40078,316947,164505,-117046,227284,-120441,-117100,63562,231985,39841
1001964,-114798,-106953,40100,316873,164470,-116999,227262,-120387,-117052,63610,232020,39867
1001965,-114796,-106918,40105,316917,164489,-116975,227224,-120377,-117030,63654,232146,39868
1001966,-114838,-106909,40109,316969,164495,-116933,227260,-120397,-116987,63782,232262,39874
1001967,-114827,-106899,40138,316996,164529,-116900,227311,-120410,-116952,63862,232251,39903
1001968,-114777,-106860,40203,317077,164461,-116840,227376,-120387,-116891,63980,232151,39967
1001969,-114765,-106863,40224,317143,164371,-116825,227438,-120372,-116876,64057,232263,39988
1001970,-114779,-106883,40226,317084,164482,-116808,227491,-120375,-116862,64076,232461,39991
1001971,-114760,-106881,40220,316945,164656,-116791,227510,-120359,-116844,64068,232490,39985
1001972,-114720,-106877,40253,316858,164656,-116792,227496,-120352,-116845,64013,232465,40020
1001973,-114722,-106886,40243,316884,164601,-116842,227498,-120362,-116895,63951,232422,40005
1001974,-114735,-106897,40214,316935,164608,-116885,227436,-120412,-116940,63889,232315,39977
1001975,-114764,-106925,40157,316952,164574,-116887,227366,-120410,-116942,63875,232177,39920
1001976,-114792,-106948,40102,316950,164468,-116894,227351,-120437,-116945,63850,232120,39864
1001977,-114793,-106939,40032,316926,164493,-116896,227305,-120461,-116950,63785,232055,39796
1001978,-114811,-106953,39975,316866,164593,-116903,227211,-120490,-116957,63710,231989,39735
1001979,-114851,-106976,39974,316826,164631,-116884,227179,-120484,-116936,63672,231958,39736
1001980,-114877,-107016,39976,316769,164660,-116918,227222,-120505,-116972,63631,231932,39738
1001981,-114879,-107025,40013,316720,164507,-116893,227276,-120489,-116947,63666,231917,39778
1001982,-114884,-107007,40050,316736,164347,-116841,227331,-120455,-116895,63684,231869,39812
1001983,-114893,-106992,40070,316708,164376,-116810,227362,-120438,-116861,63666,231921,39834
1001984,-114856,-106964,40086,316740,164438,-116763,227398,-120409,-116816,63676,231806,39854
1001985,-114800,-106938,40090,316765,164313,-116733,227441,-120359,-116783,63818,231701,39855
1001986,-114737,-106918,40040,316798,164217,-116735,227429,-120345,-116784,63958,231843,39805
1001987,-114747,-106912,40044,316824,164296,-116777,227406,-120351,-116831,63981,232052,39806
1001988,-114728,-106859,40140,316849,164357,-116779,227476,-120303,-116835,63944,232045,39905
1001989,-114726,-106852,40182,316796,164237,-116731,227524,-120238,-116782,63972,232188,39947
1001990,-114701,-106850,40236,316885,164287,-116720,227475,-120243,-116771,63964,232293,39999
1001991,-114733,-106871,40219,316904,164534,-116736,227445,-120290,-116789,63936,232330,39984
1001992,-114780,-106898,40197,316951,164731,-116751,227401,-120338,-116807,63890,232360,39962
1001993,-114812,-106911,40201,316997,164736,-116791,227336,-120363,-116842,63785,232374,39963
1001994,-114839,-106931,40181,317029,164653,-116811,227293,-120413,-116865,63742,232306,39943
1001995,-114856,-106962,40158,317022,164585,-116846,227215,-120439,-116900,63734,232198,39922
1001996,-114882,-106986,40072,316901,164522,-116884,227168,-120433,-116934,63746,232263,39835
1001997,-114876,-106998,39987,316837,164450,-116932,227172,-120446,-116988,63756,232274,39750
1001998,-114902,-107008,39989,316839,164414,-116968,227153,-120469,-117021,63769,232126,39752
1001999,-114930,-107042,40000,316799,164442,-116930,227132,-120492,-116982,63740,232008,39761
1002000,-114964,-107070,39990,316799,164474,-116940,227080,-120495,-116992,63698,231953,39755
1002001,-115004,-107097,40005,316817,164541,-116983,227060,-120490,-117037,63687,231931,39770
1002002,-115000,-107075,40057,316837,164548,-116997,227038,-120469,-117052,63709,231876,39821
1002003,-114961,-107022,40085,316879,164537,-116981,226995,-120418,-117037,63692,231841,39848
1002004,-114931,-106996,40095,316852,164422,-116909,226987,-120343,-116963,63715,231894,39861
1002005,-114901,-106979,40125,316872,164478,-116872,227054,-120322,-116924,63732,231788,39893
1002006,-114893,-106970,40145,316934,164577,-116858,227186,-120355,-116911,63704,231767,39913
1002007,-114880,-106976,40144,316970,164676,-116829,227215,-120373,-116882,63804,231778,39910
1002008,-114883,-106985,40155,316992,164724,-116809,227243,-120379,-116862,63912,231891,39920
1002009,-114854,-106958,40178,317009,164726,-116813,227307,-120388,-116868,63938,231968,39944
1002010,-114821,-106936,40205,317041,164670,-116856,227311,-120387,-116908,64039,232056,39968
1002011,-114792,-106927,40231,317077,164644,-116821,227360,-120356,-116873,64010,232006,39998
1002012,-114812,-106928,40248,317055,164630,-116818,227409,-120363,-116872,63889,232021,40013
1002013,-114824,-106958,40200,316879,164626,-116813,227428,-120354,-116866,63835,232121,39965
1002014,-114827,-106962,40144,316760,164571,-116828,227406,-120356,-116881,63814,232058,39909
1002015,-114845,-106977,40115,316735,164526,-116820,227277,-120382,-116875,63779,231989,39880
1002016,-114842,-106996,40064,316738,164355,-116792,227171,-120375,-116845,63757,231906,39826
1002017,-114871,-107026,40052,316757,164260,-116773,227140,-120381,-116825,63807,231772,39817
1002018,-114950,-107045,40017,316727,164125,-116779,226998,-120425,-116834,63875,231948,39782
1002019,-115021,-107095,39924,316590,164149,-116816,226852,-120480,-116869,63899,232396,39690
1002020,-115066,-107107,39891,316573,164055,-116812,226837,-120503,-116866,63931,232433,39654
1002021,-115072,-107091,39916,316624,163902,-116821,226886,-120497,-116878,63919,232374,39680
1002022,-115076,-107094,39973,316640,164017,-116834,226944,-120497,-116888,63827,232326,39738
1002023,-115062,-107080,40018,316652,164176,-116878,227027,-120496,-116931,63737,232268,39783
1002024,-115037,-107048,40068,316719,164206,-116959,227123,-120488,-117012,63702,232242,39834
1002025,-114988,-107031,40099,316810,164340,-116994,227156,-120493,-117049,63657,232203,39861
1002026,-114966,-107029,40065,316817,164402,-116942,227201,-120480,-116994,63720,232235,39829
1002027,-114952,-107014,40056,316827,164452,-116851,227201,-120443,-116905,63803,232171,39820
1002028,-114927,-107008,40060,316953,164541,-116758,227273,-120430,-116810,63865,232008,39827
1002029,-114941,-107003,40103,317016,164746,-116754,227351,-120456,-116807,63819,231993,39867
1002030,-114942,-106984,40168,317061,164920,-116760,227393,-120447,-116813,63782,231967,39930
1002031,-114933,-106974,40202,317096,164951,-116775,227392,-120462,-116832,63830,231907,39966
1002032,-114887,-106965,40243,317106,164898,-116833,227372,-120481,-116885,63818,231884,40008
1002033,-114862,-106961,40218,317118,164738,-116860,227367,-120484,-116914,63812,231865,39985
1002034,-114895,-106976,40171,317093,164554,-116869,227322,-120512,-116923,63769,232003,39936
1002035,-114923,-107002,40165,316996,164577,-116918,227248,-120565,-116969,63713,231984,39926
1002036,-114963,-107014,40144,316994,164522,-116953,227172,-120601,-117005,63658,231960,39909
1002037,-114966,-107018,40121,316888,164341,-116940,227150,-120573,-116992,63686,231979,39885
1002038,-114988,-107048,40077,316807,164231,-116931,227112,-120573,-116988,63701,231940,39840
1002039,-115003,-107063,40035,316713,164327,-116935,227098,-120564,-116990,63626,231947,39799
1002040,-115007,-107073,40018,316731,164426,-116952,227091,-120553,-117004,63518,231813,39782
1002041,-115023,-107074,40017,316742,164424,-116962,227081,-120565,-117011,63614,231742,39781
1002042,-115034,-107068,40022,316788,164530,-116992,227043,-120572,-117047,63583,231813,39784
1002043,-115028,-107052,40031,316838,164668,-117012,227028,-120568,-117065,63568,231797,39796
1002044,-115017,-107046,40028,316860,164718,-116974,226938,-120542,-117027,63689,231844,39791
1002045,-114990,-107015,40068,316851,164653,-116909,226938,-120506,-116963,63765,231896,39830
1002046,-114952,-107000,40095,316891,164545,-116881,227064,-120468,-116934,63780,231909,39860
1002047,-114932,-106981,40099,316944,164458,-116838,227161,-120441,-116894,63759,232006,39864
1002048,-114904,-106945,40107,317004,164439,-116831,227171,-120453,-116883,63782,232220,39871
1002049,-114880,-106952,40127,316997,164457,-116844,227231,-120471,-116896,63853,232373,39891
1002050,-114874,-106962,40160,316950,164512,-116832,227323,-120440,-116885,63963,232363,39922
1002051,-114862,-106940,40212,316918,164486,-116874,227398,-120424,-116930,63988,232338,39979
1002052,-114824,-106912,40246,316905,164364,-116976,227387,-120413,-117030,63963,232442,40012
1002053,-114830,-106934,40231,316892,164337,-117089,227369,-120426,-117142,63937,232452,39997
1002054,-114837,-106942,40180,316890,164346,-117110,227311,-120430,-117162,63866,232334,39949
1002055,-114870,-106970,40134,316843,164241,-117005,227278,-120410,-117058,63852,232191,39900
1002056,-114884,-106963,40093,316869,164120,-116933,227261,-120416,-116983,63793,231965,39857
1002057,-114896,-106960,39999,316900,164216,-116885,227198,-120455,-116939,63758,231775,39765
1002058,-114910,-106968,39892,316833,164212,-116859,227159,-120479,-116908,63751,231740,39660
1002059,-114925,-106979,39880,316810,164281,-116915,227087,-120533,-116967,63627,231893,39643
1002060,-114965,-107004,39936,316769,164376,-116944,227057,-120545,-116997,63579,231810,39702
1002061,-115008,-107036,40028,316715,164566,-116951,227001,-120571,-117005,63529,231835,39793
1002062,-115046,-107026,40119,316798,164601,-116962,226961,-120577,-117011,63539,231807,39883
1002063,-115038,-107010,40163,316899,164617,-117025,226981,-120586,-117079,63550,231837,39928
1002064,-114981,-106987,40175,316947,164729,-117090,227008,-120614,-117143,63532,231889,39940
1002065,-114980,-106967,40215,317013,164824,-117104,227001,-120584,-117158,63518,231898,39980
1002066,-114929,-106939,40228,317067,164792,-117084,227128,-120528,-117137,63543,231876,39991
1002067,-114890,-106934,40244,317068,164778,-116997,227172,-120497,-117052,63601,231879,40007
1002068,-114857,-106912,40274,317074,164769,-116929,227229,-120486,-116982,63687,231977,40037
1002069,-114820,-106924,40242,316994,164766,-116863,227262,-120477,-116914,63782,232134,40008
1002070,-114771,-106898,40314,316948,164698,-116810,227308,-120452,-116864,63867,232108,40079
1002071,-114753,-106863,40357,316996,164643,-116812,227297,-120438,-116865,63911,232070,40119
1002072,-114782,-106850,40379,317084,164682,-116822,227288,-120439,-116872,63903,231884,40146
1002073,-114789,-106839,40364,317161,164698,-116843,227287,-120455,-116893,63850,231769,40131
1002074,-114791,-106868,40294,317168,164742,-116903,227127,-120470,-116955,63717,231880,40058
1002075,-114805,-106893,40290,317128,164701,-116987,227015,-120539,-117039,63635,232018,40054
1002076,-114824,-106912,40274,317063,164607,-117020,226989,-120571,-117074,63594,232095,40038
1002077,-114833,-106929,40277,317053,164601,-117018,226912,-120584,-117074,63564,232031,40040
1002078,-114899,-106948,40242,316978,164532,-117014,226936,-120583,-117068,63577,231999,40007
1002079,-114945,-106977,40196,316925,164467,-117062,227010,-120595,-117117,63592,232030,39962
1002080,-114952,-106968,40148,316904,164338,-117145,227081,-120624,-117197,63541,232112,39913
1002081,-114908,-106936,40166,316864,164238,-117135,227177,-120596,-117189,63496,232015,39931
1002082,-114849,-106925,40209,316878,164155,-117088,227240,-120548,-117139,63648,231711,39975
1002083,-114806,-106907,40221,316851,164066,-117042,227304,-120520,-117093,63781,231656,39990
1002084,-114767,-106892,40195,316806,164094,-116961,227326,-120529,-117014,63815,231736,39960
1002085,-114771,-106878,40208,316873,164129,-116913,227378,-120539,-116966,63740,231878,39970
1002086,-114802,-106892,40210,316907,164307,-116894,227357,-120534,-116944,63658,232108,39976
1002087,-114867,-106900,40209,316834,164520,-116881,227326,-120545,-116937,63673,232371,39975
1002088,-114856,-106892,40216,316859,164603,-116872,227333,-120525,-116925,63750,232538,39982
1002089,-114797,-106868,40240,316980,164603,-116856,227365,-120483,-116907,63849,232353,40006
1002090,-114751,-106851,40287,317068,164623,-116866,227386,-120449,-116924,63909,232276,40053
1002091,-114738,-106854,40283,317114,164841,-116909,227357,-120442,-116963,63869,232255,40047
1002092,-114735,-106874,40273,317162,164973,-116946,227295,-120447,-117000,63877,232229,40036
1002093,-114793,-106900,40256,317221,164973,-116974,227218,-120467,-117023,63853,232248,40023
1002094,-114794,-106904,40230,317221,164936,-116987,227239,-120486,-117041,63751,232184,39996
1002095,-114805,-106902,40183,317215,164783,-116992,227190,-120499,-117045,63667,232123,39948
1002096,-114807,-106903,40201,317179,164681,-117019,227069,-120487,-117073,63637,232070,39969
1002097,-114818,-106900,40214,317120,164647,-117087,226977,-120502,-117139,63627,232089,39976
1002098,-114858,-106934,40186,317044,164559,-117107,226954,-120503,-117160,63612,232095,39950
1002099,-114900,-106963,40172,317014,164496,-117083,226984,-120524,-117134,63642,232096,39938
1002100,-114947,-106997,40155,316929,164482,-117053,227018,-120542,-117105,63706,232011,39922
1002101,-114969,-107005,40172,316934,164483,-117039,227067,-120590,-117093,63726,231992,39937
